objno_deep2,z_pred
12011416,0.5395800360261627
12023279,0.8193373231317976
13017399,1.0210223705032258
12008131,0.45820472857152816
12003729,0.5338240056281979
12003313,1.0933866601320492
11021040,0.7660696823823474
13020559,0.9013126336108125
14029818,0.7720222839190299
13049159,0.6785307534248949
13026194,1.093270419497197
13028427,0.7226967503401852
13035570,0.6616420341449569
13018058,0.4093531921272049
12005533,0.7545028237364809
12027865,1.2110862809236338
14028737,0.9210860923411087
13034892,0.7956595405519391
13058802,0.5340555707943611
13034266,0.7788764076664936
12015933,1.3579361163574137
13019356,0.7720222839190299
13043664,0.6731114399243019
13026703,0.8620781985195989
14034435,0.3360345583888503
11045189,0.5065903423291773
12029430,0.3775442349699546
12020460,0.5250414064556237
11051190,0.4740176964041147
12020226,1.1582890924428906
13064313,0.9827913012478936
12029047,1.1360609349336734
13064464,0.6705530794994184
14024652,1.1676054162207103
14012814,0.964340552819514
14021539,0.7566910522529586
13058710,0.44777454200689026
11027452,0.8872624497951043
13026761,0.7527937961717933
13055360,0.8627201365796435
12024872,0.930014038979074
12021021,0.8583164307135235
11051962,0.29553371392882005
12027965,0.5269787137584693
13051672,0.24850736580425667
11032750,0.45326822914101184
13055272,0.718862705810269
11101473,1.0071004790853906
11006363,0.8147099370672889
11034334,1.0158596344730844
11033434,0.2960005643709696
14028987,0.6975420920371651
12004729,0.8832484714173785
14018493,0.6124324202510524
13020183,1.210037658303927
13010247,1.0771620331263778
13003917,0.8037150435973379
12012294,2.2149121965528007
11051724,0.305929086700013
13032491,0.48769454913994503
12101115,1.3562201759097336
12028825,0.8955698767495143
11040256,1.3799328531830732
14034601,1.1885617631371952
14023103,0.5622002012063249
11015202,0.3609596437275503
14011252,0.8847599945140682
12028457,0.4888206214665904
12007663,1.0208384756553182
14028119,1.1767384248590742
14007176,0.42084523331923746
12025109,1.168764441237258
14028452,0.7391619003251296
11013937,0.6155401017203327
12017074,0.6861858255133372
14016678,1.0896514650561209
14033288,0.5292569313618036
12029045,0.6209582055587644
13026732,0.7915059954538931
13027026,1.0867030475512518
13025375,0.7865530244073703
13012069,0.5338618165602818
12007621,0.7202155534337998
12016619,0.7919474735549231
12007683,1.0257868315075769
11045638,1.1541626435582817
13005509,0.35360866010067177
13032755,0.9661443914964793
12003637,1.047534063725708
12028626,0.4007109485123459
12032544,0.22376145688901075
14017935,0.6765640773752319
13040732,0.5023315400805337
11044620,0.2120185535161228
13034445,1.1974160576557507
13035996,1.1122575455198345
11051648,0.8148492452660807
11046508,0.4198293696107996
12024336,1.4869352984351492
13051230,0.40399011495885256
12009171,0.9951364960422535
12032532,0.8823052470111314
11007823,0.21456892190177634
14011560,1.0739691571766574
13019862,0.34144322978088965
13026080,0.8381655470603171
13035330,0.3495866991703461
12029226,0.9473776518194351
12012494,0.4915484842021327
14018277,0.33881901169961437
13040940,1.1993278982285165
13034137,0.9714521625155814
12023760,0.32767231820645143
12028365,0.38499768486438846
11033809,1.114387553718001
11045168,1.0321704122865976
12016592,0.48889187866816836
11007873,0.29626102833589524
13063785,0.626113093283147
13011113,0.5347470026319135
14016865,0.7737470375836122
11045186,0.47678643465364606
14034659,0.4181794392167081
12024884,0.8021781783304246
12015938,1.102728450778106
14011284,0.7948538926448859
11031171,0.28391733474403985
13010923,0.7404778005839698
12008251,1.2173369418026265
13035874,0.9869902860345419
12012513,0.5308803781940737
13003434,0.6498589103736028
14018687,0.6235876147527882
12005419,1.1258952333864218
13049865,0.6810370728430618
12024755,1.50343231368539
14006846,0.5335318528099247
14023227,0.509104826586861
11027394,0.9060055019207226
11033559,0.34911388423577655
14006887,0.38669570905883616
12019713,0.3873989083166829
12019135,0.6964803270468489
13040908,0.5663972946343834
13101049,0.6875544563577869
11047070,0.515034602461251
14016263,0.9450940095986504
13020587,0.13838460479629092
12012782,0.5242582087036293
12101118,0.7753693500997356
13020535,0.28713744253609336
12028551,0.7695742350175004
14012641,0.9985715399482529
13025271,0.7371122726856014
14006544,0.627885535948637
13011059,0.7587496563172241
13055576,0.7720222839190299
13025832,0.6378339769277539
12012068,0.7276960739298742
13063861,0.2747146279223078
11052736,0.3965250550891568
12012433,0.47324523481649505
14022965,1.008899869597649
11046356,0.7620061897032298
14027841,0.4825634193333998
11014351,1.1253335058116698
14034483,0.2076550286266905
12004443,0.7240798685223525
12025024,0.5791647337349304
13010951,0.6804591440454305
13063832,1.2266955442959953
12024917,0.1632270966325402
11051726,0.8760475079620914
13057557,0.7034080046667843
14027397,0.7291029447458364
11044350,1.1572906862397268
12019902,1.3850658098564792
11044680,0.7550274122835675
13027445,0.35592479739311933
13017202,0.6386950743212705
12012794,0.7242923523723117
13027139,0.7973259764388138
12027358,1.2364120787106576
11040228,0.7771089554407716
11050883,0.8037150435973379
14100756,0.964340552819514
14007996,0.5480184329467093
12023622,0.7468515231795745
13040065,0.8226044071791598
12100758,1.2259571142322787
12007196,0.6630294857731872
12015118,0.4790585008158336
13016341,0.7150127991302692
13056000,0.662586417819485
13057505,0.9713741976757937
13003385,0.27582009044315775
11051235,0.5386639966906956
11038382,1.3138341645799567
12020279,0.9876960951968121
12025532,0.9172852297181712
13036413,0.4039814082957762
14006178,0.3631078499643992
13034499,0.7340652590396499
11019069,0.8885598354337914
14100805,1.1935422694842308
13100238,0.7127922286178874
14039621,0.28553639309053197
12100559,1.3603463368363462
14007400,0.9622132497775763
13059034,0.28544388274986615
12100154,0.39176971521765197
13019398,0.5155628772677308
13033760,1.2875026738045563
12023941,1.3408229673364755
11050775,0.810292492958341
12020615,0.32213249701512986
11040739,0.8838709825228926
14017067,0.7678062449363839
13064937,0.4634483757557625
13035084,1.3737905132133066
12009094,0.3388120378828774
14028799,1.1009080136421976
11031579,1.0071004790853906
13055292,0.6049944168789546
13050924,1.0415943801612384
13100756,0.3970919592281436
11014390,0.9244543349236927
13063155,1.380193265293963
13042393,0.7720222839190299
13018922,1.2306195382210356
13062953,0.9659423549142049
13057852,0.439394356544503
14039955,0.6168893673173179
11051653,0.8203011556463288
11039583,0.23531244106813354
11020631,0.8556184301320998
12024894,0.25655723747298853
12029588,0.6277986637608491
13051092,0.8831844773279297
13009933,0.4079378324261046
13003269,0.9895553919523258
13101295,1.5064122497509387
12016787,0.2427593490567695
14012587,0.9938605161859535
12024580,0.37039881792002477
12016281,0.5168767554651111
11046351,0.8352739159860723
14029107,0.5425576033388516
13056983,1.1144794877848283
13012487,0.8372807226333846
14035145,0.2702515046646536
13004837,0.8583164307135235
13043436,1.0085359756835894
12016347,0.31621699565873784
12011961,0.964340552819514
14035098,1.1957147929648615
13036478,1.4242431245117768
11037772,0.8037150435973379
13032926,0.7313329878657702
12015392,0.7879079932469871
12008827,1.071983046824811
13050172,0.5560862257917178
12020308,1.4425678387289784
12027772,0.7578597914060332
13010374,1.0173114705720399
12003792,0.6662267365958244
13018943,0.3679807878615807
12024858,0.1825128627925473
14016974,0.5260374681145236
12028140,0.5623098865391505
12012326,0.3730380813996119
13063956,0.7484676889873542
11021273,0.994297689083523
11032910,1.0007694881272868
11026927,0.5084456159554259
13058766,0.296846905260916
11026386,0.9520062891779909
13040203,0.7720222839190299
14100370,0.4431634548056055
12008510,0.2892281142150342
12011295,0.4686443254192374
14012797,0.440117351821155
12005047,0.877102368315337
13009902,0.5507923871965379
14027189,0.7728507253724293
13026154,0.7720222839190299
13004292,0.3579234501295923
12101094,1.3727155360239494
11007848,0.3357915971163832
11047679,0.5134624716219122
13035903,1.2694263724544896
13010896,0.9698158737114351
14006821,1.1031961103549306
11046473,0.6470643341117278
13064139,0.3884529105163618
13024769,0.7745575980095605
11046267,1.1675079970202638
12100759,1.001077372883025
13042361,0.9154841504871254
12009037,0.8639766508271391
12012215,0.2903191388181661
14100096,0.7720222839190299
11031303,0.8595742163891988
13044266,0.8032495263115621
11044182,0.5231052974262153
12011668,1.0195193941050191
13101995,0.5892866387281432
14028429,0.32972567872137576
13049825,0.32313716308437307
13040741,0.3956877695594099
11038273,1.5583375433408688
12020063,0.5446320022606821
11021746,0.8473720027781421
12017388,0.8371400704072517
11026382,0.27925325012203783
12008911,1.2221899062629604
13063856,0.901810035622768
13026542,1.1509195421332763
11051499,0.9604374018207393
12011767,1.2184246718091343
13010099,0.5884118931654377
12003765,0.728027920712087
13041676,0.23190871186656403
11032358,0.4965779004844923
13010254,1.2774673900232674
12025231,0.0711815095116671
13020230,0.7887930194139321
14016225,0.7174213698321636
12007511,0.8566073471898337
12013238,0.6008741456476588
12015531,0.6145357024018955
12012064,0.39443113821311454
14017982,0.2707400984106763
14023644,1.2165947798219312
11039706,0.6712741985328595
13026112,0.3506991891970887
13033731,1.2701545137399506
12016719,0.6189093226126658
14023468,0.5188716320300027
12005125,0.8031765427157289
12019377,0.35429144874955576
12016150,0.6827706039200652
12028046,0.5675656577437836
12012559,1.1969038878636797
14012963,1.11645094399997
11051533,0.8159485042535916
12009269,1.234082897394171
13051539,0.32707336814513654
12029027,0.5727521488804805
11039432,0.8705469013819993
12027695,0.4268839340583106
12004487,0.4310914786490163
14039135,1.2330636078793282
13027790,0.7631456807445481
13017370,0.4296322439844898
13011979,1.2339778710315294
13004693,0.33530419948893697
13025009,1.3394499532769466
13033864,0.7566702020845528
13034747,0.9282210490979292
13040814,0.3653276981583219
13033966,1.292113371850145
12003869,0.923649936546825
13033885,0.6117331838776646
13009982,1.209996059308628
12019800,1.211348229120079
11020734,0.37872485170997044
11021075,0.7953999323586206
11046514,0.7720222839190299
14012204,1.2487866905260703
13057879,0.964340552819514
14034224,0.7720222839190299
13028039,0.8896335336858756
12003664,0.8243354435937472
14016307,0.6143734448084981
13049771,0.8817482543253992
11051167,1.3909517652054648
12029472,0.3294240176874
11013886,0.42421522973529086
13036008,0.7089895053929693
13018682,0.756793220336491
13005066,0.4526664971748783
12020127,1.2634836670612355
11020588,0.7375237125273002
13041286,0.9332584353917097
13100543,0.9601772323600916
11045209,0.8177625500349366
14033631,0.5540675625886798
12027702,0.4893082813410226
14022469,1.3762295723629676
13010199,0.5186407156678662
13016870,1.0807113755007078
13017686,0.7226559738772208
13003318,1.1960239497231284
11014349,1.2867543606199305
11026450,0.35367348434937523
13049736,0.7300803311394547
11021002,0.8677590139228866
12024928,0.513482393967307
13027875,0.4783089166260019
14034709,0.8879598689305134
11034271,0.8865642522991728
13058765,0.5087882959133562
12018990,0.8177762707761661
13058693,0.5081884173146782
12015966,1.2002170290027143
13033835,0.9667993102279425
14028474,0.3122527877165883
12019745,0.7996421812265766
11015228,0.47598235088518154
14022899,0.38748475416038575
12015949,1.1904411498496317
11027975,0.8273164468596639
14006713,0.5786699872308243
13033172,0.6444089432887126
13051879,1.416354202655786
13064904,0.6161852532894634
13032467,1.066676497355705
11041347,0.15411851975064034
12016731,0.4847630698527302
13031815,0.964340552819514
13048997,0.5073297231548505
11045934,0.875388297512472
12017194,0.49818213588952837
11039139,0.9786598493472362
13035927,0.7258420219091711
11051236,0.5178650156088032
12020628,0.4881417871078647
12004687,0.994954847229712
12013234,0.2933725770726458
12015626,0.9663032546779361
13024029,0.43960146855590293
14018476,0.5681784533798925
11012940,1.0529451541986719
13020619,0.4326729768972815
11039150,0.6876956405934445
12008513,0.9337307442806808
11038561,0.7937587020173676
14007987,0.49286418158470907
13026538,0.49085062973255733
11051984,0.8951620579190752
12020184,0.7394435331441066
11052755,0.2346058527286406
12024828,0.8583164307135235
11032739,0.2662851429990893
14002228,0.9801572882958328
13031821,0.7720222839190299
11045532,0.8245092851734974
11007749,1.1130212378436324
11033882,0.456740873224073
13019247,0.9684786531805583
12024851,0.475557941657631
11020606,0.8834324195789798
11052341,0.3647459838674614
13013039,0.9680351960241544
13059316,0.23313934813685475
14100807,0.8369206073388854
12028696,0.37065820493741497
13035862,0.7087432900662551
12020179,1.1035445858256314
12011891,0.5571590562387596
11026403,0.42751508785859893
11015296,0.5353128117877922
11033012,0.7185792438445973
11008311,0.7330185347916633
13017517,0.964340552819514
11039902,0.7535307869068426
12028731,0.7123401415009816
13017296,0.5889288766748564
12028331,1.0522103958283673
13032515,0.3820022893422906
12007455,0.6792768611409058
13056258,0.4959896846897579
12024932,0.12120624006295001
11033623,1.0071004790853906
11050989,0.8108718830478019
12007472,1.0187320672824054
13012163,1.627149980092508
12015255,0.6862997682740161
13010625,0.2831730049610854
12015814,0.5816519631316032
14100342,1.098923874320393
13003388,2.04086731864298
13048969,0.9394910141131828
11046928,0.44737144607488893
12100036,1.333569910288731
12023700,0.8135892623252117
12008851,0.9857060294773956
13016662,0.7720222839190299
13042073,0.44700489478121697
13003405,1.3833478372911818
14013108,0.22585302113212724
14027644,0.9966756718886499
11041293,1.1989338195052957
14023724,0.438855944085208
13044269,0.891990727524743
13024524,0.7137001850821527
11040834,0.36762704017410447
11018870,0.7720222839190299
11007393,0.4237529027490277
11021220,0.32719395340117197
11032831,0.8508520554790233
13056127,0.6344767835238895
13049747,0.7716521548646718
12015439,1.589972545762568
13032344,1.0935954345987335
12015507,1.0280274707607875
13011789,1.4277195243854675
13049598,0.7475398138358592
12016362,0.9182445761291272
13049899,0.8406033984335847
13026472,0.942152114145607
14023658,0.7924290536280939
13003400,0.9262537021323797
12024044,1.003117257959912
11014382,0.8943415809319788
11014235,0.345685890348043
12008575,0.5832471680003161
14033484,1.0472001134925482
11008352,0.6118963942910677
12025269,1.294130408674841
13033105,1.2826871165624367
12019339,1.5297587340046601
14022415,0.37045645082987894
11026982,1.0635460170316053
14033134,0.969724503129095
13011072,0.7808985612349353
12007424,1.1203003511968996
13010841,0.7930011345216086
12015560,0.474468345328759
13056079,1.2098396257036306
11101590,0.4982004504620942
11039245,0.2809839993702527
12019186,0.6175218930720396
14027356,0.7946253030015608
13058245,1.524031127796428
13049570,0.46285977899152875
13024765,0.5027550131224796
13032747,0.989482360583198
13018541,1.4267525707043658
12003550,1.011984968233709
12027507,1.2769129223678706
13010561,0.9846178702870513
11032157,0.18978658865301246
11051004,0.5284993531361434
12003986,0.9968106568392383
11021749,1.303064840229395
13051207,0.5639796946018766
11026460,0.6042023161552948
13003821,0.75551245979123
11052315,0.6797907651672647
13040189,0.37671736139024603
11051619,0.41848237655280984
13059429,1.1265135146061862
12005453,0.8618330579665212
12020726,0.3611219460711954
13063409,0.2589863018002149
13042383,0.6578681853929739
14034694,0.8326115896784071
12020404,0.7801740146217118
12024843,0.8299763789018887
12015154,0.717259333637344
14028559,0.5912368266202616
13042347,0.3601832822275485
14011956,1.1829964937376707
13058170,0.79807620121895
13011794,0.9044585427153339
13048177,0.6844598130906516
11021303,0.1960528724686264
13025646,0.4020137881187849
14006211,0.5916224856488406
13010520,1.371406769650163
14023283,0.903733083745191
14018224,0.7546229294032991
12011520,0.41135533829503074
11038979,0.9703322603369584
12029890,0.4100186083762999
12016312,0.26246496417203913
14033265,0.6114349640284433
12005203,0.4536172428992164
11002200,0.18697232799179467
12016351,0.770695380636593
14034206,0.9904870474951779
13040878,1.264645305508767
13025520,0.8789739603388278
13041636,0.43058780690619697
12019233,0.4423993435113215
11047477,1.1151705169940285
13012404,0.8086506679063932
13059322,0.6602577398931139
14013732,1.045710632635151
14001836,0.6898059671436656
13010765,1.0855003094846323
14016642,0.9544142999065635
13020598,0.2939244550471049
12024340,0.4886424175212214
12003490,0.5644036771150297
13041589,1.119145745585296
14011077,0.9007679827768831
11051906,0.4688350043845928
14100569,0.964340552819514
14028497,1.0692039036927838
14028048,0.8800133455002436
12008170,0.45019968475115923
13047725,0.24307593382502177
12012414,0.9697308030746137
11046499,0.662971087548955
12004116,0.808687597449171
14022382,0.4666013029581119
12024253,1.276618230515357
12007934,0.8077836800718531
13063321,0.8719397788764397
13020524,1.2514631854424962
13026042,0.9463158783849182
11026861,0.9404474986624769
13033547,0.5679872288767753
14005496,0.8079015478516973
12009337,0.3666785578468097
12009314,0.8037150435973379
13043565,0.21138025596125448
13034634,1.076869264478101
11040794,1.024014456677461
12024004,1.015701813199246
11051273,0.7720222839190299
12023331,0.3866771417676827
14021930,0.46153262990079363
13032193,0.1544888206465346
14013785,0.616131099008816
13035249,0.9685786177576149
12011561,1.3782998253063141
12016407,0.7281316597308973
13010539,1.2445821691631327
11032667,1.1576991332150008
13033205,0.4439489813752384
14012216,0.37078984880995597
12020903,1.0494069491016795
11045907,1.0071004790853906
13003863,0.751295610755565
13041633,0.7144212963700549
14016774,0.5041638632217504
14017658,1.2680147608496215
14021938,0.22704541490743269
13057447,0.6192336886978214
13027375,1.244402426303035
13051176,0.9593735331114207
11045723,0.4420013576145043
13101020,0.7553146945806524
12101421,0.7720222839190299
13058241,0.5376259839819219
13027930,0.36460477251570395
12005326,1.1094370147649244
13043083,0.8031440694199248
11037849,0.48081842566423605
13018986,1.4985973404894213
12003740,0.6476284136264948
13009817,0.3734829771852952
13036568,1.3704193646491312
12019983,1.0859446595695423
13025410,0.5523804717267473
14039983,0.5282284505485583
13042412,0.7720222839190299
11032508,0.8411968558466926
12012065,0.9697359201050868
13063490,0.3578314126961298
14024221,0.17598580944060188
13010991,1.0952665171933211
11051456,0.8561490370397309
11020672,0.8970427927160529
14100566,0.7875745172881209
13055074,1.1597515486261314
12017092,1.1573794413073757
12024409,1.0270086093857185
12020984,0.4804076027844173
13058800,0.396501854518249
14034152,0.38312936607077624
13010107,1.1645160709443996
14012143,0.697386498136832
12012170,0.6861007480538676
12005063,1.095127191511724
11021284,0.5903845189011449
11039610,0.33426398250821554
11040153,0.9375997474993403
11045655,0.8170555380575799
13050238,0.1894599214666372
13017849,0.12397104235019903
13009718,0.5507192863825364
13019294,0.7768013484946087
13018673,0.4901599232833845
12021367,0.7805346358305784
12015681,0.5830082827047578
13059430,1.1448426610924218
12012425,1.2279868376484955
11026246,1.0400585992628302
13003612,0.5593757923345799
11013638,0.8809153047210698
11031881,0.654033565682373
11007598,0.7219379949924586
12012218,0.714193116714909
13033207,0.36224601312462523
12008715,0.9958715956429919
13059362,0.25358678412191615
11032332,0.883023435805567
13050287,1.040434311048113
12004417,0.2570817108693603
12020728,0.7720222839190299
13058822,0.5398086489042787
11034074,0.8698903855982547
13003141,0.9679816660530105
11027545,0.8126749589496421
11047036,0.12177983631113748
12016993,0.4353582771231636
13003874,0.6675319534793018
12012167,0.7720222839190299
14022769,0.8535463644136828
14006545,0.8247956910045788
13042722,0.7720222839190299
12029182,0.39569568042602943
12020346,0.49376773190225137
12024459,1.512216742851639
12012031,0.8140725096530675
14012864,0.6524912205648015
12019627,0.9611937494737529
13018616,0.4939567026304604
12021344,1.0624045648608436
13010509,0.7049171919595145
13101170,1.0063453632006851
12016224,0.6226062382370826
12010897,1.307144145702101
12019476,0.5905661537342328
12009152,0.7149010256695738
11040071,0.8184077905535376
14100329,0.7137622992060254
14028097,0.5186749481955164
13033517,0.34361285087746557
13063753,0.7482941833075821
13004372,1.3720450290676414
12027512,1.072487374284502
12101131,1.1900141748866009
14039520,1.1443308613703393
13063099,1.0183782336104845
14006168,1.0305479890376104
13063594,0.8509621239851577
13033927,0.7390447683077361
11050699,1.3814926504786709
11052102,0.5955407220268796
13012401,1.21544774417251
11026682,0.5368076985742581
14100307,0.4841415985673981
11031998,0.8006287974430647
13019070,0.5716345289970289
14016819,0.43230188259201624
14017053,1.0507780120934955
13055236,0.6441681755925166
13019090,1.4778043203604954
12024189,0.24678824785573297
12007868,0.3779480639715721
14022599,0.9852089951104646
13050489,0.5546292257757302
13025471,0.22634378880208295
14007118,0.367773014416516
13003096,0.41406031630323575
12016968,0.2863268033424307
12008562,0.8271668914011826
12012205,1.3928663724715498
12024956,0.8037150435973379
12011463,0.7425050706838715
13043396,0.9839496917987528
13033209,1.255352922866691
14033011,0.6408959008038871
11034314,0.8017499214252425
14006783,1.0366960851814833
13040217,1.1294544200423966
11027767,0.8017499214252425
13003731,1.2022287920163972
13019463,0.6673864733360042
12016659,1.0262978520972772
11046444,0.9861687589988172
13026561,0.6363163483432414
12008005,0.9125914872825918
13063584,0.16994525677661712
11030927,0.8245945940623752
13012099,0.4037250345239958
11044540,0.4830700235537346
14028101,0.5399554674880505
13012362,1.5424060075765846
11026038,1.0940313806280983
11051146,0.5354035656929191
11052435,0.5037475035218293
13064457,0.3963615680297321
12028801,0.9948896606269961
13003362,0.4583393673528394
12024822,0.32190888322057354
11013240,1.167188277515464
12020928,0.9507445474972461
14016435,0.9729945584815799
13058168,0.964340552819514
13049357,0.6598242994785807
11007845,0.2964761343726657
13012347,0.7348139386737926
12007512,0.8354161951078822
11032123,0.2949453292189424
11025663,0.9179270108921351
13058748,0.4150158862913122
14100108,0.6343561763319506
11027927,0.5726873155930717
12027520,1.270131813840796
13043501,0.3299253230959374
12025220,0.7720222839190299
11047092,0.5258853950095922
13027485,0.41132809266864134
13012000,1.1207463143405054
11028086,0.8995567355818284
12020913,0.7720222839190299
11052466,0.9426943968668516
12016880,1.5691003258831318
12101293,0.7720222839190299
13043507,0.9279129556064636
13036564,0.8586651387337731
12027454,0.22219368944018578
11051934,0.43578124375509525
13042715,0.20411949017483055
14033660,1.0604997541448968
13057521,1.22690826654099
12025039,1.1326603891323952
11040763,1.1696361337707974
12008464,1.2280550536507724
13025833,1.1726085323612607
12011955,1.0805830205473894
13027427,1.0893750475431696
13027281,0.8515186732322754
13056628,0.7171918761219297
11052576,0.4583009088476186
12020425,0.2959366731136242
11100374,1.0039770489900086
11037816,0.795583282780807
12023914,0.9450463580681493
13051183,1.4621338210201251
13058297,1.184711479133162
11052294,0.9672754941043484
13033104,0.7695520598689336
11008329,0.7194688001459639
11021773,0.8153943667079462
13050474,0.8902087229072775
11012985,0.4002859499491969
14007682,1.222948089753931
13051869,0.37916474386030385
13041554,0.43934221163928844
12025417,0.6854338894553351
11020482,1.0987435947485162
12010920,1.2434443279223968
14027566,0.34977110453515226
11039881,0.8572023310449004
13043718,1.357949282584202
13033035,0.749347238004539
13012392,0.431034495412381
13021141,0.8782022267931019
11044664,1.138658173952896
13056822,0.9159137335259211
13049178,0.6117003379660866
13050352,0.5827117713504996
11038571,0.9613485342425996
14012838,0.7794160841505894
14018310,0.5834882826746631
13025674,0.752801050548529
12003927,0.748759522599059
14023705,0.7887469418351618
11026348,0.8050277152166294
12007906,0.42467442266939665
13010404,0.6290522290844975
13003595,0.5724983170658967
11021771,0.34660043974207205
12021446,0.8719281268190349
12008622,0.7720222839190299
14017529,0.7387371811212254
12012313,0.7520153795980445
11013893,0.29908270057275854
13050886,1.5386890336452028
12011483,0.476757424306369
11022326,1.0195308188671215
12021357,1.290976115690769
13049885,0.4703103572132725
14012084,1.2855075036468455
11028367,0.514661971644272
14021422,0.68772089420683
12004864,1.3816198556142212
14016679,0.861881004886408
12019248,0.7489919490790149
13043720,0.13855792559238023
13033093,0.764459693650529
14007156,0.2599865000109131
13025995,1.0708314435864215
14100268,0.7230534481019965
14028513,0.12976441743367173
13027630,1.0600010609874195
13041591,0.6257328741121528
12011927,1.3149226840020154
12016524,1.5067469160231335
12008515,0.5129073831258342
13040789,1.1965108060086764
13043535,1.0921337839457863
12004848,0.47082972176883153
14012388,1.1701016397198767
13025443,0.7720222839190299
13051218,0.7438680741172464
11034385,0.4742322064729001
12029293,0.9672794024985317
11038526,0.6194717146917246
12028425,0.5528927362160704
14023101,0.7712457975123885
11037962,0.875388297512472
13019123,0.2102106895533589
13064852,1.1575382517047428
13055266,0.4447295234367558
13048210,1.1146739517967015
13040136,0.49096620593443674
11046480,1.0187595210302043
14007392,0.5510124384144811
13004268,0.8599541408288887
13010919,0.8645696197227403
12025577,0.7347467925894111
12015980,1.5255320937779577
12020493,1.5555561794543027
13033177,0.7252468844875657
12003894,0.34133286289724807
13034516,0.7453204698701108
12027331,1.1836613704268992
13032433,0.16638331984531884
13048303,0.9094623806415199
14027864,0.33120446131221004
14027414,0.8170078031617488
13018527,0.33989188862984643
12021033,1.193027470152975
13034655,0.8139123629668
14017027,0.29195419623029845
11044311,0.788734049111731
13041658,0.6296028897895359
12012297,0.5733939079209951
13051197,0.13521950415586437
12023343,0.8171344055098574
12012439,0.9919818321678143
14017438,1.273849601451651
11027000,1.0691404302051781
13017974,0.7472364183353747
13064888,0.3851264487532735
13011931,1.2988234656412498
12025287,0.6701959775165907
14022420,1.1109201940007656
14027309,0.5918974954758573
12009206,0.9024406362774617
12012333,0.8089746018115679
12016585,0.9907522946912899
13027743,0.7301302465761752
13050930,0.970620880570515
12024014,1.26294509712673
13049853,0.87540811083937
13009613,0.16281625686446904
13043393,1.1116204297996253
11020232,0.6242051237624842
11052077,0.46762779434847046
13050348,0.7437882102864256
13018388,0.1935044156998854
11051794,1.0156335250500743
13025574,1.4763201855814296
12024912,1.0853311158464027
13010525,0.5840795134615623
11045551,0.4436981188881918
13064634,0.9246881760244414
11025850,1.0258197036477759
13057425,0.7404615654750704
12027607,0.9939404198771981
13027082,0.26341533481258217
12028272,0.4091008373428647
14022946,1.2847770153217808
13056850,0.3313698141995907
13049221,1.436034684347871
11044658,1.28224695106417
12008115,0.8382371041047612
12008130,1.2251277341671187
13042944,0.636013620467231
13024761,0.7720222839190299
12023686,1.3464140287821993
13032333,0.8349030389392257
13011894,0.7629482639804455
11044961,0.5061209353898477
14017985,0.2915569782403632
13051222,0.3322512633723916
14012303,0.417646590236737
12008181,0.2518950922647353
11020634,1.0964328811973099
14016667,0.7678633159964527
14016423,0.6606777069613291
11021283,1.0754246070809463
13011635,0.8583164307135235
14028042,0.9791759751974739
11021110,1.1688688364530555
12015853,0.9642499019566055
13027156,0.44271430784917454
14022288,1.1407518315579934
13058235,0.7202508360613799
13004049,0.7309621193140089
12003564,0.6559876064772824
13019144,1.0609959745819266
13063375,0.9836288137675854
13049076,0.794914965238355
13009864,0.4564848962817683
13017980,1.0698823254347238
13042661,1.1328351693016983
12011708,1.318132257194845
11026188,0.39144720755317425
13057842,0.840614837047121
11013278,0.8695935869970208
13010507,0.3720579705139778
13017307,1.1500035183291561
13027296,0.7401323809112416
12024833,0.6739639432449013
14006214,0.7673311489502139
12027928,1.0411946066951554
14022785,0.9715793093877402
13056845,0.6635366870669447
13040682,1.0744340273835136
13003846,0.3465558342022323
12008111,0.8049147760474193
13003513,0.9560266308934154
12028158,0.35471323693940277
13035134,0.7981273757963351
14039519,1.081719010031825
12024464,0.5180165732298398
12020174,1.428555854383423
12012387,1.4698671984430964
13064332,1.1075661620031167
12024995,0.7981273757963351
11039110,0.5343210835218126
13100787,0.7708091480717668
12013237,0.3953147859758387
12024904,0.4653236182919911
11027535,0.6734626665485267
11046506,0.7498308551050128
12019628,0.5308937188571222
13033182,0.3369739736590605
14007001,0.4347472920884208
14026940,0.9050038068000005
13058803,0.6855240037798509
12024976,0.16898334734840817
12017440,0.7032722632859968
13026192,0.1585360051587564
14012385,0.49942383860867
12012284,1.1961393339211095
13019526,0.5144448749714625
14007136,0.4465810484713471
11033307,0.8445014414127618
14016850,0.5552961861054707
12015891,1.0251374003024842
13049168,0.6668394258031075
13003784,0.14171856112607753
13058226,0.8521490651604634
12000814,0.20580498600176708
12019661,0.6761165702335835
11019779,0.9195707019827773
11014209,0.2959330970516039
11033162,0.8220390114750024
14029284,0.9928492972672791
13051086,1.2413797469931944
11021620,0.9766084101566571
14005521,0.8166434050701754
13100318,0.7221194411843663
12004760,0.9815739395038423
14038835,0.5175808230876433
11045244,0.45104449176556893
11033276,1.0677131165179425
12004204,0.8933360297668362
13017237,1.091630123828034
11047551,1.125160618840981
11044639,0.459875915872964
13063488,0.6064177463764174
12028454,0.8230327163439293
12100569,1.432340207637879
11045834,0.46306768652181285
13041503,0.604946550476732
13048559,0.7066749623107978
12027874,1.2059376669909425
12023345,1.0915207987222877
12009697,0.520197158859633
14016841,1.1139858997360623
13058154,0.6445164561385666
13057694,1.1287250093148182
14033797,0.46380829722553885
14029798,0.7720222839190299
13033596,1.349737493108424
12100924,0.6475705988242653
13027980,0.981284796187811
13033248,1.1011899270514736
13036010,0.949954478681881
13026082,0.6716741552554295
13043497,1.0053973132652159
12017078,1.5057950381746108
12028431,0.7207630663300969
11025709,0.2673486139442353
14039805,0.6079424822643869
12020416,0.7707595865371324
14022337,0.9698814658793441
11051996,0.8178243197718215
12023646,1.34194905106004
12020031,0.8769629846885307
14022270,0.3996504591899178
12007776,1.209073209810019
13027290,0.6082631835611132
12012349,0.20228082740726666
11033176,0.4629321894414171
12018980,0.3436476242515662
13033754,0.7908760453257687
12019873,1.2507458544626504
12024114,0.6080376042422483
11020707,0.8219236396938605
11040154,0.9443344977336493
11045402,0.45249060063647617
13005268,0.3843524755625566
13024653,0.17656498816758856
11038670,0.9961609106536724
12015594,0.47743010655135654
13064310,1.1478854556749731
13043733,0.9262939256135698
12007529,1.2021162364402214
12027875,0.4701267837721417
13017993,0.27023278752098917
11033173,1.078141174482787
14023564,1.032388923130526
12021205,0.5303399279683287
11038304,0.8053355873618941
12025291,0.7399166101976482
13035532,0.5963523861496015
13058547,0.584700203522715
11020104,1.0366501249525768
12028348,1.2649500705858618
12019517,1.1638774287366656
14023046,0.9464287890923495
11025640,0.40172209398167263
12024199,0.7940333277421722
12023514,0.8390562155762429
11046423,0.36910441670215277
13025807,1.233096389096602
13047911,0.26103166474530026
11043820,1.1766824106544613
13004520,0.9404320947684213
12020476,0.7384798214330388
11044247,0.8037150435973379
13040852,0.4597241113697745
14008400,0.3430549903969242
14012268,0.964340552819514
12027970,1.0011966322311812
11041385,0.35925270562937894
14039902,0.6596960915051712
13013001,0.9623597436224219
13025974,1.0032265474720596
11041195,0.25640280099847684
12015657,0.8583164307135235
11013340,1.054933598090347
12004444,0.9482289144685102
13013014,1.1843882675230442
14028557,0.6788470601238714
14029014,0.39248285239096525
13056635,0.6845624160485438
14101280,0.32675400812708993
11026463,0.15332676097753065
13064306,0.8305211232390021
13027677,1.1583070958968782
14033803,0.49571565250310523
12020008,0.8745237840985546
13035877,0.8549896214346268
14002600,0.9943161420636522
12020896,0.7698913309581699
12016650,1.012977667995591
13026201,0.5620654229747671
14039133,0.9334783911869136
14012604,0.8879474619892979
13009559,1.2949957021412515
12017117,0.5259647611298266
12013428,1.2176999148741925
14018960,0.7375914966606528
14100336,1.1558120141373742
13017614,1.137031227788562
13017300,0.6771480375716511
12016754,0.3037901726948852
13058483,0.8494059402143017
13059312,0.349503035394936
12004233,1.0130352078197251
14012706,0.9691599524448092
11033781,0.494704884766327
12011899,0.4251524677555645
14011789,0.7306000340972136
13033123,0.38525893579504683
12007448,1.0513876614086393
12003610,0.6092078124922413
12029109,0.34244532862329935
14012371,0.7228694083826648
11020784,1.1277539591566559
13058191,0.8421392923242766
12012526,0.6180352183668419
12024607,1.2138720767978912
13036012,0.3357198908911833
13027149,0.9664533556206139
13009268,1.369432062066376
14002078,0.8449693840153151
12004801,0.28637641252072166
12019547,0.290646227629032
14013559,0.25545154569410383
11013234,1.1598503171432806
11044623,1.0182889890563722
12020737,0.2888955547055982
14016962,0.8569769564541442
14027610,0.2515011821321179
12028966,1.0442394961138348
13055063,0.5776228371645536
13028641,0.4080969980033688
12028702,0.5786695274997002
11012894,0.875388297512472
13027468,0.7750204772735504
11022133,1.0180325907822678
12024210,0.9647399878680315
12008531,1.1268560972524748
13051127,0.29043525463432396
14028890,1.148663891643932
13042280,0.7534399705445232
13039912,1.514458591547438
12019772,0.9016812898385905
12027967,1.4164740722560458
11021407,0.24970168324849887
11007865,0.7023537847625129
13033198,0.5244328667952982
11027915,1.171971858138584
11013688,0.8591170198307312
13043608,0.7080594307528001
12007820,0.9519876943604665
14022856,0.3687007883631134
11101318,0.8489197660097322
12021110,0.7995531250855231
12020708,0.8814829782115986
13063423,0.6348071120077264
13042258,0.2284601958386474
12025565,0.7436631483916485
11032447,0.8351068596780599
14012868,0.6929470054019119
11026732,0.8015894186322987
12007258,0.3668238195014776
13035629,1.4338324897107473
12021032,0.20626485119531474
12015731,0.9807258153548736
14016930,0.907608049036741
12024611,1.0672433416606126
13048610,1.0169986583625468
12011816,0.983635016994806
13012994,0.776165555834872
13024715,0.7287779826967666
12004068,0.9531630303526072
12024293,0.5658667709219258
12029338,1.1327470035881055
12028550,0.3980458462432168
12027423,0.9546581192370291
12020811,0.8583164307135235
13018111,0.7259104706113692
13004323,0.21533894939379739
14011850,0.25184975601336
11007308,0.3919894324562452
11033342,0.7571876001539938
13056112,1.0285690872048676
13040948,0.8418917330934477
11039792,1.0071004790853906
13017221,0.5002182881322608
12025645,0.7972714088958485
13017915,1.062004471412644
13004072,1.2816923454389981
11044584,0.6045342486002739
13032340,0.9618853258274885
13025323,1.2389641085159915
13016818,0.7353322730070916
12028193,1.230191000232327
13032654,1.1617292063964855
12024672,0.8511510754327304
14005902,0.9116359379755221
11044655,0.8145823655593776
11027553,0.48863209994785445
13003010,0.6082806280079364
12008336,1.0009444098132796
13056091,0.8368296272315452
12020434,0.7355575460094547
12019731,1.3739649517852575
11052570,0.9858577286040527
12016427,0.7312338360813965
12024147,0.9986656205581387
11051509,1.0691208005370418
13044265,0.5756591966632423
11046197,0.8288440598488046
13025881,1.4515833786584595
12027518,0.8990670172748509
13057569,0.29647145724029594
12024728,1.2107293863441153
13056826,0.6287108247657156
13031982,1.231478159142938
12012249,0.7214106489364777
13049555,1.1993631043449853
14012815,0.964340552819514
13049796,0.39154874908368137
12021468,0.9417572288336463
12008878,0.9281358161706932
11014542,0.6300996737470512
13048525,0.21394561922924113
11101139,1.1569196436936462
13040107,0.962864021613465
11033345,0.7673357015873671
13020996,0.16112155468684755
13002716,0.5784970590866478
13043478,1.5505532199367096
11039536,0.1560002415212923
12004292,1.0452801279417405
11044897,1.1709876764118454
11044878,0.8121612151676979
13005316,0.34958263632480835
14017491,0.9372480053815718
12015625,0.45001523531755255
11101335,0.3775940152480029
12015482,0.5354341813223279
11045108,0.7967191526188148
13020261,0.2968339421487089
14039648,1.081842141364266
14005779,0.964340552819514
11051521,1.2212589786707755
11028276,1.1828766048723987
13040848,1.426171721758578
14006194,1.2862108616748593
12023246,0.5645282256628125
11039124,0.5460569013670235
12028924,1.4355487536650915
12016665,0.3864605791199397
11045167,0.36313746149552023
13012219,0.7971003300403399
12025403,0.8888636371194224
13028136,0.6328373819585288
13035737,0.7121521657727677
12017430,0.926136941226033
13101448,0.8618057820780036
14016820,0.7578803173001298
11018918,0.5664585250712428
11046500,0.41388784290549263
11039108,0.3513903916838493
12032006,0.7720222839190299
12008243,0.7460129158583898
12008309,0.9388333645564638
12012355,0.7304419349265463
13016879,0.8181820553477592
13004683,1.0450689619503815
13016171,0.844865481737034
13004889,1.026676940381519
13023777,0.7539701818423181
13035195,0.49380399774590894
14013661,0.6569642858713326
11014676,0.9242786203943961
13004316,0.7482246683622575
12008155,0.8218682940753246
13028068,0.6287611191006325
13058479,0.650504333082645
11051461,0.3018062130883968
12023871,1.2109912506876717
13011101,1.3205718173027807
14013325,0.8478066502244253
11041170,0.35627684584408625
13027839,0.36153760044097744
14016702,0.7720222839190299
12020004,0.5232696006662645
14012738,0.9424390502503296
13042259,0.7404796253992487
13004260,0.9413971500277488
12016962,0.4595561247843259
14006543,0.9629320871067961
12019671,0.7322508273794359
11013287,0.8524497911121148
13027348,0.7482148744669197
11052779,1.0912220139036963
12029480,0.7220921192162932
11047606,0.5225131254268459
13017068,1.1182232114879935
12016325,0.7081933363327813
12020169,1.295680365341242
12100548,0.7728539437428702
12013181,0.9362274823337903
12019883,0.45270411890893497
13028434,0.5830213389860325
13011737,0.8074645632615878
12008988,0.9794221212780903
13033932,0.5540436200344137
12023772,0.7994633655933832
11038552,0.5310107661002362
11019182,0.47921896072994147
13049214,1.5083559341971202
11015320,0.8216750623146509
13003564,0.7560627816436211
13025483,0.357460899612467
14018860,1.1926453604135874
12003757,0.9223846766591709
11038492,0.8440621651501853
13035199,0.7554081265064245
13010400,1.033169425698785
11027446,0.6495763249647293
12020710,0.850000342638325
13018665,1.071569137773781
13048455,0.3157293855686525
12015816,0.9922734414293324
12004370,0.5619885136192532
12019868,1.472875663545997
14019049,1.1604690171543857
13049286,0.7720222839190299
14022939,0.35225023738933325
14017044,0.9136123292964539
11044557,1.335692077611518
13017836,0.4571646050568724
14017913,0.6792431727574038
12025170,0.9690601394230566
12013224,0.8873545604957868
11002256,0.29094396067549644
12028190,0.5541122998146861
13018045,0.2297651620232683
11033330,0.8373339346200883
11032253,0.7996599195990028
13003319,0.94689182966755
13026169,1.4859850710123825
13025387,1.018444108269174
12003862,0.49118414244477004
13035978,0.7232498137517193
12012146,0.3061841914595533
13024482,0.731128441032782
12016984,1.5326471305300462
11038319,0.792251301018828
12027794,0.6221879167518842
14016629,1.0871776428585165
13101154,1.1329988684858692
11019461,0.9406153569033077
13003852,0.7432595416662542
11046694,0.6261316394930428
12013180,0.5784296294812882
11002247,0.4005908047763535
12007831,1.0031486036596504
13048411,0.5089094729750859
13009896,1.200301939477239
13032450,1.2212924948957216
13004302,0.3941896266974034
11046772,0.8646909912409118
12009674,0.23427274832569864
11052009,0.45911409397095837
11026433,0.6606630099862815
14006209,0.7685931429233837
12017276,0.7440829292223121
11025275,0.5435213761574148
13012221,0.3558375913382529
13003214,0.7396973348871312
12024053,0.7138809303790086
13012391,1.0087385668204794
13035231,0.7527277594833766
13056668,0.20073701475255146
12007565,0.2507783005416813
12021352,1.4241377083838942
12023698,0.7137361092117337
14017213,1.209968461595905
11046438,0.8480125687708957
11026991,0.5842676730457783
11040123,1.1879547333906169
12020315,0.426381767362758
12028114,0.37021129854166973
13035147,0.492159845662006
11052027,0.10651202790205597
12011573,0.8791448758792381
14028512,0.970396547276024
14012020,1.2418062967803145
12016720,0.3383067937046393
11047439,0.3547779824685754
13016659,0.7720222839190299
11007277,1.0925687705163991
13004688,0.4816053066513665
13033029,1.1106762235202468
11037958,0.8583164307135235
14029315,0.8874662819676482
11046498,0.8035622748216621
13048540,0.6106019489776392
14038842,0.8803705694640116
11044199,1.3551964096426183
12028980,0.6354723993596765
14028762,0.4461247319085644
11045441,0.8086799307840604
11052943,0.9363882038927143
13010510,0.7466784344933282
11047464,1.2129943939398948
14017696,0.7720222839190299
13011603,0.2599081736218314
13018886,1.0445609454265692
12019660,0.44959320481131265
12016505,0.7579958551620258
13056832,0.168828764593329
12021078,1.1720559716761456
11021804,1.1059988653549013
12019194,0.4891230795473047
13035073,1.1430451584766714
13010836,0.7764747611241077
13017846,1.3649140977903065
11027370,1.01460203136209
12019600,0.6290469931388923
11038945,0.77141309035703
13049828,0.40088832055036433
11014868,0.8370570678678981
12019943,0.5381278606069009
12011415,0.24725688604784518
14012779,0.43510540180308654
14012340,0.31302206028430296
12011427,0.896965755988465
12017269,0.746178054744394
11020047,0.7720222839190299
13023984,0.510890750668857
13026378,0.9494051257471073
14016592,0.4185631916550278
12008761,0.8135839894760046
13005014,1.3446422582437518
13009961,0.18904996733100168
13012272,0.5166541392175847
14022816,1.2292691841988583
14016791,0.3389670051255927
14012905,0.7720222839190299
11002281,0.6448544514746463
13028041,1.1814427075030327
13049068,1.250559820961544
13101675,0.7720222839190299
12028618,0.7551551032110304
12015800,1.241644575984223
11026207,1.0944366391137215
14013253,0.5771922993282371
12004505,1.2076631013993928
13100704,0.7821640472725084
14023328,0.7160715553883985
13005464,1.2664673133931699
12013467,0.2753879737248338
11025306,0.24143890268355558
11014809,0.48424323538162795
12004781,1.5229324347446072
12028593,0.8237655538689623
14022460,0.20107439788179524
12015620,0.7016613353495045
11013065,0.7765925866098833
12001180,0.7720222839190299
13059404,1.2486624566874192
12012441,0.29557101827806515
14039366,0.3600472869580964
13004318,1.5072444038472121
12015942,0.8285548838527719
12004706,1.236075365994945
13019114,1.1059970405257196
13049728,0.7175269420057444
11101416,1.2836339599353976
12011506,0.5268222735788199
12025133,0.7150707717054101
13025446,1.1734902376314909
12017303,0.9825088944012506
13032684,1.1801471216363475
13057544,0.9751868563220257
14013260,1.2328471153335618
12012019,0.2378863401855357
11038518,0.9962525542657059
14008397,0.9682079009519761
13017002,0.7961792753103124
11101425,0.46573057623661185
13012830,0.6070646400629609
13034454,0.9506626940220333
13026030,0.5776180180717714
13010928,0.4119331940950392
14013086,0.3806756032516164
12009233,0.8314785073616955
13032390,0.37242547600084813
13055472,0.7007229618641214
11025784,0.53220464416093
13040527,0.4778204906610935
14101234,0.9367534503723666
12017060,0.5337092004225928
12011817,0.13364651664100008
12016986,0.836352644922441
11037854,0.26855065533227096
11027740,0.6831816749635214
13019736,0.5916806738202759
13036053,0.964340552819514
14017081,0.6746929944377245
12016667,0.9134275611992746
13018004,0.7435518741454205
12024255,0.5105307641741537
11044281,1.5310199232223152
13041499,0.554851402608949
12028389,0.5891533866481948
13028116,0.5353413378689175
13063186,0.11329632620099346
12027978,0.5387412870286644
11033744,1.1562762661089887
12019181,0.8291293630804089
13016893,0.908327451960223
11039428,0.505562909805273
14028673,1.2294177581126873
11033836,0.5100889531112506
12007162,0.8242406160192938
13004538,1.4102490273875643
11052399,0.9546166292760019
12028439,0.8238961574538131
11045847,0.19655252603478235
13041296,1.4782646161694146
12004410,0.47732383531840206
13003309,0.7156148622806979
12004138,0.8278029248215533
13004232,1.1252765701768388
13034869,0.5391265820988924
14018972,0.587949365490502
13003265,0.6493570784357032
12028507,0.8037150435973379
13051868,0.2080217123781267
13040149,0.4963655335193007
11020349,1.0365688332781025
14022302,0.964340552819514
11020226,0.8648285103487402
13034773,1.1145308961127258
13003421,1.1285512200047
12012116,1.2553568428141164
12027371,1.1554485744172793
14028115,0.45755567882883574
12027504,1.2123651145146719
11007824,1.200313007474722
13009969,1.024143158322176
13017390,0.44076876183035196
13004649,1.2083835293782195
13051253,0.44206222619000984
12020388,0.6869421122530187
12012807,0.8509954749361686
12023629,1.2616978335021323
12011861,0.7575582864092734
13017931,0.3681296565998018
11047030,0.2714315164954272
12007439,0.5180266711437339
13011654,0.6353196572850809
13042851,0.9387471697078666
12012390,1.0273128656402537
11100937,0.5454226683088765
12004787,0.2652961873880067
13025787,1.1532714486114979
13004659,0.797262188871647
13034041,0.9438125482568122
13016570,1.0583186830751343
11051650,0.2901362325370737
11013758,1.224422842760214
13040208,0.7720222839190299
11047076,0.46231834766161334
12100200,1.2688705579909365
14022925,0.49675815859410966
13010941,1.2662107796659288
11046747,0.38866743537248216
14012600,1.0087565489103543
13019907,0.6718783164508053
13033821,0.5454281226288703
13010291,0.6949924451095504
13036186,0.6698792113586189
12019361,0.5948257325422808
13032792,0.35645044662362224
13009715,0.746725404067667
14018472,0.7720222839190299
14018168,0.7720222839190299
12012159,0.4580619153183692
14028287,0.9794291296952207
12024380,0.7953752181922075
12025584,0.6871129096919997
12007972,0.9526388864690603
14039131,1.0692076763476226
13043666,0.7697468985872022
11045099,0.5450066974982604
12024773,0.24418214065330537
13020600,0.3007942843547544
13063674,0.8680868265312625
12008898,0.9369836793871787
14022408,0.5675187518192328
13031558,0.45656558718351475
14034462,0.1544938383121928
14023137,1.295995108615401
11038482,0.8243525668188961
13020615,0.5591693177780216
13064855,0.29622727101802526
12028324,0.5222452334607876
11025407,0.7621388728768074
14006539,0.25349305402681993
14018805,0.6324090446279272
12008597,0.9014626467528721
12011729,0.8247811488642448
12020116,0.3133166643488404
13051113,0.7598294739268944
12004792,0.3482778922003827
13041768,0.8350615790212523
14010726,0.36218709075201444
13033964,0.5772869138377555
13002732,0.8985065406200857
13035234,1.2178308402173146
13025280,0.608196154752542
11052685,0.4286274613922822
11045988,0.5869287695201383
12007856,0.5721762643469362
11100610,1.095583733854637
11052331,1.1887823602197864
13024718,0.41704112068167054
13021229,0.7807176266225091
11045681,0.7971584886839993
13058812,1.1251855039576306
11052012,0.3548461890764312
11047600,0.4681363057942104
12029432,1.328741354048826
13064340,0.8661393642739654
13004913,0.7187159859479146
14023510,0.5532001384913336
14017531,0.4955853113403827
12023689,1.2651154857637592
11041001,1.2172546053584798
13012411,1.475687399291454
13033662,0.7189883405728738
11046415,0.5349747355252579
13010240,0.611027590553408
12025476,1.576858027302253
12029209,0.29143875629370053
13048606,0.4690466532386375
13040870,0.22021523408214466
13017965,1.3935007545463305
14022864,0.9336931957557499
13051825,0.27420243075203243
11052494,0.6879952464174253
14017817,0.36895700669949144
12013082,0.18627329582175992
14024658,1.1717917131551578
13040903,0.6504644223998032
12019697,0.2623491935943982
14023783,0.9690720768199018
11032026,1.1078341840978891
12027910,0.7420658023114031
13004189,0.4644835206025859
13027498,0.6207719753473062
12101297,1.197767166780077
11037515,0.83015524844738
14024599,0.8021352014897157
14033814,0.16239266526117452
14022393,0.15653469270928214
14028929,0.8894851237288828
13041561,0.29547812790137334
14034263,0.8005541280047894
13024721,0.9800353020806638
13050576,0.7627872998623977
11014257,1.112141774356234
13026132,1.2009171057950578
12024815,0.29900223998901326
12028086,0.30188092027019425
12025023,1.052381677685139
11100983,0.9063895937534043
12025510,1.2113747199186493
12003455,1.0448205631878116
13051052,0.27867762806770924
11052023,0.20341943946840182
14100565,1.7514458984729528
14008656,0.5188756021105236
12024834,0.978556738069279
12012821,0.27249825126481036
13018524,1.3614774838474628
13026110,0.6285030482153909
12020663,0.3926517079466882
11020203,0.5293836429645619
12020767,0.3934901717922587
14016944,0.8935328845566688
12005363,0.6781583715296297
14013191,1.1404996398066145
12015914,1.0863240434999186
13041175,0.5701547975563359
11052420,0.6391010371890501
14012742,0.37382972743517534
12005148,0.7934472249748273
13032138,1.2820246313769041
14006203,0.7413211848284839
13033959,1.1181310264374644
13017695,1.5240780197625026
11021726,1.292151211339358
13009856,1.2407390349505665
12011342,1.0329697589729538
11101610,0.964340552819514
13101627,0.9055890584224815
11040838,0.7638196642961151
14016585,0.5217089525568609
12028791,1.629798722390831
12027936,1.0383936166873722
14022225,0.44144846507978275
12020354,0.7345677891364701
12023196,0.3634902835055597
14028430,0.8209709069941208
13101043,0.7231217738426037
13055903,0.9842552702553579
11101259,0.8616529471875478
13034969,0.4996692079402423
13026857,0.41058794568256374
13044235,0.29989011508854335
13010303,0.7454538762110553
13025915,0.8668686489662951
13024676,0.5033275518102026
13017301,0.711941310055415
13016602,0.45037969020121
13049864,1.1898711170559535
13027932,0.6367856486059847
13035238,0.5907118055195449
13016972,0.7981273757963351
12009144,0.9729713961447409
13010860,1.413639402031924
14034280,0.5176652361222798
11033862,0.5117444601238108
12019429,0.7788537461128153
11041126,1.1027567692948326
11051594,0.9990764931647191
13026202,0.46277896599713714
11034319,1.063667121926119
13063112,0.6531159657073993
12012501,0.24344041563876118
13033121,0.7540789498289614
11033297,0.6060743166317526
12008269,0.3592970869241784
11047003,0.6183504887129286
13049222,1.0560729135785
13057760,0.9173279335409841
13003411,1.1777645343012322
13063194,0.7925451110446089
13064274,1.2748018811117763
12025187,1.0682923156089679
12015920,0.9788033860622669
14101252,0.964340552819514
11026350,0.6203774673343111
13012291,1.4302049148450875
13027528,0.38613205588443933
12009081,1.0816994538883022
13027460,0.9858008849880504
12011836,0.9365805152453567
14039102,0.9199048700955075
12011990,1.1953171462402523
12007749,1.100970576921592
12100748,1.537313703734731
13042237,0.9938371266501855
13056057,0.8118364877513774
14100553,0.964340552819514
12011621,1.1661487208415722
11013743,1.1913072513757286
11020659,0.7848635492376316
13027938,1.2102226138622065
13041525,0.9889199118609501
13024811,0.2246372399909588
11025822,0.6135551407490825
11014367,1.250470070499506
12015812,0.7431063572377191
12004350,0.4455106436395887
13043729,1.280725091317503
11044373,0.5121050696839045
12007526,0.4426644967842836
11039469,0.5431657712246455
13017924,0.5758730551139054
12004646,0.448304708678518
12011790,0.6840928724307797
12009052,1.2917952647676116
11045756,0.37067694870940365
11051300,0.6419818845899188
13010729,1.2353366253801326
12021463,0.1396134061360639
11021238,0.9138213549601741
12023891,0.257132537794259
11013961,1.0071004790853906
14027011,0.6359791205073626
12012361,1.4176321593077104
13024669,0.7218449628942571
13049862,0.7720222839190299
13050552,0.5367117589144397
12029414,0.3634278660362309
11013649,0.863429205398265
12019472,0.5696959927343735
12028754,1.00053052762483
13017372,0.9475772047231
13033678,1.1979514398782989
14017963,1.222751468927202
13011115,1.3858737519192836
11052334,0.6912014204559773
13003756,1.1431687013219318
13018063,1.2000400507703661
11044533,0.34067892190051535
11034292,0.8937023839617894
14011303,1.1839089874377795
14017795,0.610217119281563
12025457,0.7370931298433296
13026019,1.54758389343941
11034356,0.7514229997618221
13036129,1.4216194731093272
11025983,0.38468430859497416
13012356,0.4714504752092369
12029378,1.1906213622545923
13010675,1.445090279060434
12032590,0.8702191931229603
13059462,0.3447128804080636
13101174,0.964340552819514
12019954,0.7149076212208543
14023173,1.1118411304858633
13036619,0.2548054685305852
12015592,0.8037150435973379
14028619,0.9411940722961208
12016904,1.5017458877663175
11006731,1.0754929412453555
13018296,0.33554873374942046
12028456,0.61920473935359
12012106,1.3580336430889313
12019715,1.1736851379216975
13055233,0.291750822817613
11026739,1.1253907264871432
12019921,0.6204185358967438
14034009,0.8790572517498572
12029343,0.3475019500561208
13050398,0.23529511055333763
13064865,0.807599165837395
13033994,0.964340552819514
12016959,0.3378225573423388
13056198,0.4543044990397887
13018120,1.1255135776515097
12021093,0.2898454343453977
12016198,0.45159282981490734
11033069,0.6309469623923958
13025741,0.7685807972560857
14011061,1.2614629767812653
14026759,0.5479238375067128
13004590,1.0751135191865273
13011640,0.13510852333130888
11039092,0.5985872818819076
12019904,0.4169845981485891
13048612,1.3696575122042034
12028674,0.5178193110263114
13025131,0.7648965769180112
12005193,1.1312133493218774
12005173,0.6647303318815629
11033892,0.7143031462865163
12008211,0.8328790263009914
13003337,0.7449812456053694
11002207,0.6226656650991231
13019162,0.8087701887914691
13026181,0.6270794240254445
13056911,0.30849244799194453
13019096,0.7620804616286333
14028970,0.6879329799668821
13026827,0.44472522787788954
12024929,0.37415534808212597
11013276,0.8827371787466579
11052702,0.4819791117488179
13048583,0.2609520704798369
12013218,0.3081121130415902
11028591,0.5834347550437751
13100755,1.2322289262424158
11041341,0.713502311519118
12023651,0.9804664926966613
12025222,0.24958150367031817
14007569,1.0647267754546612
14011260,0.9960593774826081
11019388,0.17187935152602404
14012855,0.6689878329796758
11039736,1.0104185633489848
13028097,0.8155614690903323
13051152,0.5024562350140236
14033256,0.15807616472053146
13035573,0.7129457935637185
13063689,0.34303549041756354
12008997,0.851068294311338
12007870,1.1049819726067194
13055650,0.7750473167845656
13019185,0.7801076061758662
13019636,0.7720222839190299
13050968,0.8476714399779952
12025188,0.26189491359686307
12005109,1.4658264429111694
13020317,1.2005923538273848
13028761,0.3438380818800718
14011245,1.070460106555065
12007875,0.75629166739279
13010649,1.3440958579576074
12008421,0.7468515231795745
12013147,0.2485575420420264
12005182,0.5414797275664296
13020560,0.7074126929463239
11018967,0.8344139515674444
11045057,0.786005402401398
12100146,0.8037150435973379
13026079,0.9609760766867887
11047628,0.37020470574512254
14017548,0.5686113378496017
12015873,0.8063438335451967
13034352,0.964340552819514
13005085,0.8144617762854383
12029426,1.5287593234835788
13010528,0.605977463088961
14011648,1.1882995646748584
13024686,0.6128641743402993
11037681,0.4445385102992263
11038469,0.2900090838448156
11032659,0.9533378649839386
14006813,0.8613932554053254
11044437,0.3400901916012629
12024170,1.0756651927341794
11033314,0.8191935300193649
13024907,0.8410976684385933
13027336,1.532837632663924
12016780,0.6185695443818606
11050863,0.27564317153827056
13020753,1.1656171636867034
12019834,0.8226088666260573
13049313,0.9320282928397758
11033576,0.9977739094822817
12004492,0.5778361115370029
12028148,1.1182384590368815
13011176,0.35248970471540325
13013054,0.37554330664727714
11014326,0.2599456333961763
13043047,0.509793638548858
14022902,0.40501037379353666
11046489,0.38289650982039675
13036560,0.6774087145181091
13056012,0.6118929119639618
11013760,0.3665747655743502
11033416,0.7549753328048376
13033481,0.2851749134918642
12019218,1.2613736894696768
14018540,0.9050996095685028
12012413,1.4333101489588569
13101734,0.9777520145409685
13035017,0.38901886916224304
13043084,0.5246687247657461
12009154,0.8402374864478758
13018506,0.3305690185236835
12027802,0.7610748645469908
11013857,0.29278860153691894
12025227,0.5178138980753143
11025265,1.2534441119596529
11045499,1.1701395878205003
13017967,0.599297354129375
12003338,0.5379217924126671
12027781,0.9051695667364992
13020467,1.1283422962340657
11045855,0.34661532642815085
12004175,0.46227371871228873
13032796,0.3755468399436135
11044018,0.5184786178454007
14012194,1.0641132261532693
13041160,0.22934595390181736
14028550,1.0158517809103136
12011523,0.20715239352233758
14011839,0.26681324769064896
13058752,0.6734322844703782
14005538,1.0755605658528018
14012279,0.6633482366725382
13004702,0.455399921497861
12031934,1.3370209044742902
12004493,0.6117946846144308
13003192,0.8958737299316304
12100752,0.3702729443369558
12007608,1.3710580373424408
13002959,1.0339749487243777
12013511,0.720875134455769
13043612,0.19382158967632726
13042810,0.7981273757963351
11045160,1.5508968278082846
13020526,0.5469154513088988
13025237,0.6785841799946494
13035149,0.5724429525206753
13034663,0.7687835103694192
11020881,1.0955783111091835
12016971,0.9966489735322779
12019333,1.075956032768707
13042162,1.0934616256626237
13048474,0.283900814528542
13042896,0.2147950702959227
11047021,0.6037571722148979
13018634,0.6867974869796822
14017622,0.7720222839190299
13057432,0.4358625310017388
12020465,0.9438824856702951
12009012,1.0545648134305727
13003326,0.8130247189976906
12004223,0.4569882394919568
13005172,0.7511133441467607
12100760,0.7468515231795745
13050890,0.8700856583230322
11021207,0.7427803536516764
11044361,0.8581312509074638
12023872,1.3690285279460195
14007500,0.7180870408813371
13063198,0.4813889186333897
12029487,0.954945167634146
11047304,1.0656355412785927
13027450,0.6627649255533308
13048452,0.663338602745564
12011693,0.46272366212122135
13012088,1.2610203227494017
14013812,1.0052047575503154
13019308,1.3373488374895195
14017744,0.7658373244828711
14012727,0.5088968874980807
12015526,0.22485246767678393
14034187,0.5428571647821545
12009521,0.2531265900515194
12029296,0.21588260943497206
14027302,0.6509917757729266
13063470,0.6999159996771809
11050704,0.9752589413600018
12011719,0.4815118501869747
11044595,1.0285472781964393
12024126,0.2417577835033683
13032311,0.4018365563854541
11026334,0.9571258624098695
13051240,0.9792559991638303
11034097,0.788540632903975
12016700,0.7519113740632115
12027987,1.0143430780066727
13100781,0.6789155200344006
12021391,0.8726543460756091
11015363,0.3351389801322049
14013220,0.9291823745795081
13017902,0.9977973683113478
14034700,1.1751972920769178
14005667,0.8434978698550389
12019899,0.9327155912195468
14011885,0.7720222839190299
13018695,0.4767726808452641
11034278,1.0719401266114008
13005322,0.9967647626940175
12016793,0.239618323121041
12027847,1.2567800710948083
13035069,0.9725709522896796
12009034,0.5780715024341458
13063183,1.3278812239486024
11046372,1.2325545457640592
13018604,0.5576314552138788
13043987,1.1980493825366674
14028069,0.7558319401469388
12015167,0.34574673754997887
13009925,0.35419016784669016
14012347,1.2864517123432555
12019393,1.1561641330052852
11021269,0.5957472475576929
13033225,0.738297852342694
14018019,0.7530315703163093
13012579,0.7771476338134881
11038649,0.2831136510783023
12009454,0.7654415987396819
14028760,0.3950888301539702
13004282,0.9997037960551807
14027104,0.5437729260571359
12029116,1.0400239725081708
13032924,1.1572627037154868
14022359,1.2058368167557605
12012154,0.8006128386953877
11038434,0.6138731045609253
12024806,0.7374768202114295
13049169,0.4238424686077916
12008332,0.5331281584170482
12025616,0.22343150086829258
13025511,0.4686647743483451
14100835,1.0872054456311515
12016603,0.6100538137858755
12019521,1.0140313863296755
11051057,0.9498648890844127
13026668,0.7179822959024826
11101134,0.4364368446974013
12016370,0.9784790470722342
13048604,0.9263462549175376
13003741,0.6007399698677305
13056261,0.7342363594591333
14013554,1.105154107911296
11044614,0.2586495202824836
11051260,0.5492716172225793
12007255,1.2325080592209454
13057822,0.38153234574223793
11039587,0.6247426297066331
12004674,0.36475540078040497
13051799,0.28554492296552153
13011127,0.5019290858397718
14039585,0.6376084604796811
14016503,1.0469588582414284
12009251,0.6013802600074363
13012958,0.3553349391647438
12025264,0.27431463557960456
12005138,0.30552737343055414
13010357,1.263792521263229
13035561,0.6434983360387265
13033432,1.2192480472742162
11052229,0.6335117950858852
12015574,1.1388963139440076
11039129,0.45306876917587446
14023432,0.6052690404202469
14006259,0.3258710343886307
13036660,0.2827167320829621
13032160,0.28010975428587637
13016880,0.6837441137498523
13043052,0.15354999897409732
12008317,1.237097375941599
13049323,0.7165542726953987
14022969,0.7863844972924202
12012627,1.2332497774675684
12008473,0.24466049528003442
13003378,0.3528129516649464
12025210,0.3590566317268358
12028047,0.7660237076915852
11045739,0.9483897590399095
14033292,0.4963775058091185
11039913,0.9155400293292532
14011294,1.5909863868731315
11051266,1.0855692346179397
13025169,0.7462974610759268
12023761,1.1556616572088183
13048597,0.4516150240524974
12021105,0.17507915643172475
13059427,0.6360409323840909
13063830,0.7640023909305563
12028932,0.511685914044048
14101487,0.8297550461976146
13051213,0.7435083879346495
13049601,0.8621480258431022
11044750,0.7720222839190299
12004146,0.10982295520528104
12019702,0.4776123185436728
12015628,1.31179687849774
12009486,0.9181841505789592
13056184,0.9813282847982737
12028049,0.8583164307135235
12018979,0.5665051612492042
13003693,1.024195850601985
13027503,0.6782153124894035
13026503,0.9474946671124915
12017745,0.6093179686842041
13051026,0.5066461043974944
12029040,0.3385316504987934
13020136,1.1946008401695603
11013363,0.458142407084063
12015904,0.2725208921704324
13019524,0.964340552819514
13042590,0.35781907203907787
14018415,0.5864199740881917
13100090,1.0675405301161789
11020839,0.8031924893669194
14100978,0.8027183906152431
11019205,1.2231654995785646
13026743,0.7565199063428323
14018495,0.6577177789175572
12007950,0.1765663202909691
12003429,0.4445863237371395
12008201,1.2116311170974
12013186,0.6405373099375876
11032130,0.45139543830476475
12028360,0.4697748182721507
13050326,0.9266010930356936
13018667,0.37379902831429723
12024005,0.19015088503039315
12004044,0.8760762930539004
13032498,0.349857795762579
13012334,1.3739708660685819
14029473,0.6472864914409526
12003625,0.2826064177296508
13009812,0.5708414246650462
12016356,1.076048423622954
12016649,0.6308570830286288
11031315,0.9761384839191973
12003865,0.848487735869016
11040219,0.09502752290498093
13010430,1.3553528142989633
13035263,0.46423202563726207
12005168,0.5241855647828139
11045656,0.5292390341309535
13024800,0.5238118909712967
13100525,0.20075026503262725
13012406,0.5092086254260851
13048099,1.1685184264320487
13048478,0.37862218918128265
12032736,1.5144920005783644
13057287,0.8659914703019531
13025744,0.6172721650425357
12019633,0.3073373069440124
13027508,0.8862203828253381
14017427,1.2059209739246457
12023713,0.4239890767139219
12023743,0.46540887521487206
11014896,0.2449555121276782
13028050,0.5862841062347813
11031393,1.2590957788930037
13005457,0.9007383524243444
11013856,0.500304568877655
12005521,0.8022897618794501
11045689,0.8439078854643818
13040909,0.9153702217383237
13018286,0.802620237827653
14021336,1.2081296340123275
13026843,0.1218996744483308
11014416,0.5133402923204283
13027798,0.7892214496737867
13019314,0.3839123576012247
13017428,0.7720222839190299
12003392,0.6470188897907094
12008720,0.9655450384862797
14027650,0.3224041463534239
12011486,0.84780265053203
14028548,0.24893006986667413
12027666,0.6634387028519657
12011368,0.9116310331656747
13002718,0.7419551212372296
14033854,0.7586446262332431
12004449,0.524230100357435
11027563,0.38456143776467455
14022921,0.6983250516408965
11007771,1.1181777071460401
14039127,0.4413371778148503
12011889,0.8408112847224943
13050923,0.40138096725490024
14007522,0.5984778913613344
12015802,1.0634513329283715
12017319,1.3864142754236488
14100518,0.3424693536686507
13025142,0.8455120335076781
14028553,0.5752760582987225
13057791,0.5794547889766805
14028802,0.9017177574972429
11026914,0.9692248142033181
13027941,0.40282088793844956
12004835,0.8463682203091684
13003715,0.2162067231133723
12015970,0.7616834044743606
14100816,0.5385827880151228
11100748,0.5217285227330737
13040205,0.7017562455626727
11008366,0.3008895685048125
13101415,0.466781061353953
13011214,1.4349685349678243
13020455,0.7469718910784384
12015563,1.2409452342587877
14017405,0.9185350608759114
14016611,1.2026504252736048
12021377,0.6505327103790975
13012371,0.1831559503147323
12025662,0.9344357135071634
13017342,0.8880404957021475
13017380,0.34711334774056296
13042327,0.4959036151656027
12029071,0.8583164307135235
13028523,0.8018570610439474
12003554,0.7701825366547933
13048633,0.5255107836731537
12024870,0.9782158932261819
13020564,0.5211346531319179
11032767,0.8285533818631842
11051187,0.23183749381490354
12100149,0.9774868052008227
14022960,0.948705705130974
12008582,0.9617590203507917
12008750,1.2563597066469248
11033364,0.7409167127139348
12007641,0.28194518730316476
14008472,0.5974419468743346
12007808,0.4800426136704046
12003831,1.0944977349606049
13042858,0.5821580632676603
11034887,0.4219425491795699
13005442,0.29152862193094686
11025028,0.4857198171949728
13017182,0.9882828977810179
12007993,0.8185391376639898
13011368,1.318610750571488
14007172,0.7108279789095604
13011189,0.7129001687738987
13043704,1.5034664096788697
12025569,0.8728738949692639
11044047,0.5256571506212637
13056838,0.6610488103018212
13024751,0.7508597344869272
13043761,0.7720222839190299
13043013,1.5444831661779435
14034832,1.2173414318666493
12025527,1.3242619954373933
12008831,0.9390179086777474
11013888,0.48305033292537225
12024028,0.7647784979267452
12028295,0.8477839466390655
14006709,0.6419535324394068
11045899,0.5124726557724669
12024767,1.2614709521331824
14033155,0.9420278304556957
12008186,1.2981853172660536
12009054,0.9712894334099572
13010080,0.46168022565110356
12015544,1.1901804595086436
11019729,0.7627606286500971
12028576,0.21599668673527223
12024067,0.45235233859110235
12024796,1.350957296414815
13035603,0.9670366069212328
12007668,0.9731196025794641
14002285,0.9863821980725404
11039101,1.0054382626909781
11046352,1.000150142761868
11020504,0.8964185848690779
14006119,0.7683257196599561
14028083,0.5622307401590726
12023715,1.2376427702378647
11044948,0.6943086289906347
12015165,0.4341249746193281
13035338,0.7720222839190299
12025041,0.7696636249225373
13048886,0.7607054886549511
13041522,0.5918746391450693
13005500,1.017211478362894
12023991,0.7284665336665949
13057527,0.23964509462418832
13011658,0.6962311968457117
13049069,0.7861016749009784
13056799,0.7470907767422207
13033800,0.7703405458488892
11028507,1.202442771315158
12029132,0.3683350175927134
11100749,0.9532024464277827
11033255,0.5254842607463045
13049125,1.404822423062543
13034500,1.3744920334129063
12012781,1.366132893121543
13009932,1.1182761736285023
14017504,0.6346058145707552
11046121,0.47677352519103766
12013038,0.7122022006023241
11101121,0.5059277348964631
14024096,0.5697233454699674
12004408,1.0254774636982082
12004799,0.9948562063255786
12027647,0.3896352727490241
13011457,0.7539209643730967
14033858,0.5943648987939061
11046262,1.546532024267618
12013073,0.6878475246715192
13026422,1.1679706999374102
12028026,0.3431072910056821
12020272,0.7295970534356689
13003976,0.8259433202990099
13005406,1.2339078117187678
13010278,0.4927728890071032
13058811,1.2285427778050217
11026281,1.0688215315237146
11045563,1.243463334387509
11040848,0.4972526908554251
12016025,0.7474437474002841
13017410,0.7720222839190299
11046809,0.8824231085318637
12004788,1.5635820840296475
12019651,0.31486060056394677
13032949,1.3898993868576772
13101219,1.9831120137011953
13032465,0.19205061697742898
11019640,1.2301739616796363
11047201,0.8371228383540036
11052071,0.8446552138200939
14027032,0.6554655927689366
13003834,1.0952616195037839
13057459,1.062687709540782
13058604,0.44108720670132123
12013343,0.3592539859281547
13034442,0.37364690832786474
13039548,0.7720222839190299
12008681,0.840729645690416
12023285,0.27850894554377054
11039169,0.7520332083151122
13003694,0.6326605269620696
12017015,0.48654989480290195
12029074,0.7431981115933288
13010843,1.516043828690948
12024452,0.38672252629291926
13056557,0.9051581945931713
11021760,1.30018335820225
14018422,0.6956665498458449
13048384,0.5699701442980275
12029337,0.4143617106366524
12100258,1.0552836942817272
14039598,0.15780140681330818
11051343,0.574097961881575
13010706,0.35375325373022115
13003396,1.7530111567146576
11014591,0.8753223131428832
14021305,0.5455336944564982
14013852,0.4897860084555524
12028878,1.24978576450727
12100577,0.5346444397154907
12004490,0.6446665027549018
14033766,0.5776914400029858
11021785,0.6692949979778987
12027497,0.9683819791024558
14034319,0.8460327371930597
14021965,0.6660028665073001
11051470,0.49808307709347155
12028804,0.46506989621778005
11050680,0.5700366636472105
13032443,1.3926673888098187
13063573,0.964340552819514
13027902,0.5744821284645332
12025485,0.9136688103851682
14034672,1.2300132004374447
13034862,0.4100854508934207
13026106,1.209249451571967
11047490,1.301645000060481
13034874,0.7072779421259149
14006205,0.6374791020384852
11027903,0.34812863634955493
13040220,0.7370663999324499
14101260,1.1056727947107938
11002292,0.28682822237519967
12008334,0.36625773456096367
12008478,0.33327340853418513
13025968,1.0772033843746471
12017051,0.4750340928384577
13017917,0.7112029456896797
13010327,1.1174955476798616
13011230,0.7994633655933832
13056893,0.8578759948478109
13024494,0.7627927953064482
12012204,1.1930398360551306
13035556,0.4111390198666564
13050594,0.27464802753837836
11019471,1.276503917377569
13011062,0.323255155300189
13018173,1.029761879228166
13018039,0.3048705295026613
13010081,1.1682119933577275
13013013,0.29227030404553483
11041329,0.7574363610295117
11033313,0.5250605324273598
14027496,0.32470862565855585
13004311,1.264485484054735
13059191,0.964340552819514
14033927,1.1732132824295702
13033928,0.5007454297395696
11025277,0.7850458580483641
13050232,1.1956126864158327
11026948,1.0081073044100903
12015130,0.5856106330848487
13018683,0.9711465486870658
12012378,1.20099670247566
13011617,0.5051106131174568
13059469,0.919964219334244
13060056,0.5319091023808792
13028625,1.07720102448476
11045261,1.2622696931486166
11040069,0.8554331818644668
12012131,0.8647002540320442
12020219,1.1395552801923774
14023501,1.1558350549688008
13051784,0.9605540934583978
13004914,0.9562143168064828
13026566,0.7720222839190299
13018929,0.8247457873240076
13048465,1.4152563180416993
13011971,0.1567587275095662
14023285,0.9299057671632979
13025912,1.1216832087571718
13028742,0.22753919700962055
12027236,1.218331795899428
11033356,0.9541904305472528
13017930,0.5399732224554542
13009636,1.0272903531181725
14006647,0.7565607888606776
13026804,1.132367075064877
11026310,1.2442822156498048
13040230,0.33556635690536757
11039891,0.45993436846663033
14012356,0.6867902450372918
14008386,1.1635422888397868
11041312,1.118986900121539
11038521,0.8746799363356297
14028527,0.2370361990512294
11050805,0.3675687378605022
11020165,1.0666060942713613
11039661,1.1811897107101241
14006252,1.1519103742832157
11038453,0.7875034077815151
13033904,1.0262674470120823
14012326,0.4137175769138331
12020447,1.0147317649787364
12007525,1.086642411705907
11028073,0.4567773508583029
11037782,0.8337933039985027
12028981,1.156780232104063
12003678,0.9621645156825429
14034669,0.9108790358304973
12019436,1.2062682218427114
12024045,0.23699784046700148
13049088,0.7711042669602606
13048616,0.40006688274623303
13010508,1.2151988819054045
13042375,0.7720222839190299
13025514,0.5765810843053741
14017048,0.7678609835749688
13043703,0.36319651218349713
12009177,1.3026542190460069
12007371,0.3774928976032013
11013358,0.32733201439665066
13049851,0.2026671942281337
13042987,1.0928111217692489
13010544,0.5005190807150569
13005173,0.8977566376150115
12020298,0.7064098281517733
12024591,0.8350472135414505
11045095,1.2578567965504994
13024725,0.9149387364368144
11027778,0.5341601656015976
12011728,0.6947350725212915
12029102,1.1723770764966013
14028567,0.2620088077933184
11044481,0.7358534529010157
13064767,0.6204456142910945
11032059,0.48307687188134113
11027714,1.206754813870658
11027502,1.170631793389521
11050732,0.8503412272071716
13012329,1.1733852558072677
11052669,0.7888854934200721
12024716,0.8368229216538141
12008658,0.254422725547829
12016361,0.28316921078414636
13019945,0.13674901343772586
12027557,0.444066671567103
12029092,1.1794885243563311
12003562,0.6649053082551143
12024047,0.28951086621595834
14028947,0.5678743820510191
12008225,1.223054253517732
13034651,0.7443589083415114
13025884,0.33782452562027243
12024478,0.44276306104531216
13101699,0.8139993853524687
11025564,1.2054932805020762
13064175,0.5765103815652483
12008805,1.5031795387289997
14022907,0.8239334149891124
12011419,0.713900904168651
12021440,0.6801182854930691
12020145,1.2327529225055849
14012787,0.9479773838010976
14016825,0.8082225962436724
12101380,0.6275661103180553
13034584,1.5473094565395515
13041642,0.33230472906106384
13041518,0.5636583807959771
12100393,0.6764753767507317
13043019,1.1581466168546968
13040569,1.3276136460013546
13035085,0.568570907604817
13043588,0.8105271238342329
12029291,0.44092935483501833
14019226,0.600455854053703
13032757,0.5847172297317844
13018688,0.9989915482176951
13024597,1.2879651946682409
13011771,0.9910009147797217
12024331,0.8602757497412569
12004402,0.5899473710738347
13039948,0.9018450950766608
13059324,0.9633520503104117
11032620,0.7683104555565561
13035739,0.5576588852231444
13032152,0.6365363871089934
12029488,1.1451530485713741
13101038,0.9045884088244668
14023750,1.157404290113321
13035806,1.0929650056989053
11033328,0.29685951440638175
11008344,1.0612362983171204
12004485,0.7178421357392056
11033298,0.9126437135078678
13035444,0.6693000875742315
13040722,0.8715617368455242
12008126,0.8391976817603333
11046465,0.44026118824848415
14039986,0.42791419491693766
12028238,0.6914126345144171
12019264,0.5177968617020985
13012938,1.0029421865709058
13064756,0.6995649304773923
13017170,0.6419758707868327
13040052,0.8889824561219379
11051500,0.6795183852668891
12013349,0.6812993777741084
14029410,0.8583532436922036
14018792,0.9568105157840526
14013482,1.0535595401459057
11014303,0.41197508494525414
13050207,1.5210362598516105
12015664,0.36783846299241474
11019953,1.01499437494777
13019152,0.5436433195637292
12024117,0.5385873014210092
14029582,0.7720222839190299
14013626,1.079317829531985
12015428,0.717789024364192
13034604,0.9400118181965047
14012165,0.7720222839190299
14007463,0.5439224826996407
13058706,0.7580128613798657
13024828,1.3823864871179246
11031629,0.9605964329828255
12017088,1.0111554125143989
14023357,0.546413118410004
14008025,0.5518066534294208
14012374,1.2355567015343345
11044564,0.8228172284493526
12015805,0.5490516873831495
11045090,1.0142840098664392
13035908,0.36418009953090563
11026422,0.7050318750440376
11019433,0.6639299647124092
12020124,0.5665199874468744
13058046,0.49976785046878897
12004971,0.4830817574356287
14017886,0.9747199573661842
14006127,0.41827162163639076
12029089,0.4570590612287859
13049605,0.6857655110078453
13042527,1.198157796146861
14006265,1.1904513385786877
13041681,0.4387646104137346
13047925,0.28943410449735457
14026917,0.49162972557811935
13043682,1.1770669544250973
13005313,0.793136527352458
11013321,0.3703023449122979
13010287,1.2974974363468903
13041851,0.7490447788947457
12008945,0.6012284378297517
13003855,1.5210105953281639
13100951,0.5756626334299326
13020498,0.8032526273315109
13025209,1.1343233968906317
11052005,0.5356185197350788
14029347,0.7892574009653707
13024401,0.9557609328134617
11021103,0.8420803396657063
11046892,1.2612476845323806
14100863,1.0331486248615116
12004751,1.0461406416595618
12012466,1.1925445474938559
13003387,1.3468537475204991
11050869,1.14621850202165
13011686,0.46372400197948566
14044225,0.5739385644422602
13031888,0.8130329335589159
12015280,0.43768714027439026
12020613,1.4025900160451985
11041146,1.0433604571894433
11027650,0.819106717294556
12013198,1.2279625077304284
13101225,0.7717111311575613
12017053,0.2801456163493363
12008772,1.185936239895334
14011248,0.20102833268527565
11032438,0.7079997731985579
12011456,0.4402159557570513
11044455,0.979411872891631
12015320,0.959086972563084
14039660,0.7720222839190299
13019387,0.652824573625226
14018007,0.351262677441392
11038194,1.0219189750317612
12003802,1.4657979796181437
13012418,0.3853705768722612
12003853,0.2773651734013701
14011154,0.7658756245910766
11007359,0.7119525781564523
12012733,0.8114161299912089
13050503,0.9843602337907779
13032428,0.36199898232528815
12007823,0.9273433326765266
13048634,0.5893293180333368
12004260,0.8850583135041077
13012101,0.31009621691810446
13055858,0.9602952283322423
11031897,0.7314237299875762
12012670,0.5270843691298301
13020488,0.975138685549481
13026858,0.3177804765359957
14028501,0.35623203742560855
11047674,0.7720222839190299
11015122,0.656786899302719
12029048,1.1483015203103377
14028072,0.5447582432911343
13003841,0.6864190476763703
14034220,0.7285478951259985
12013460,0.6177918925116385
12024078,0.7508313935075661
13041920,1.1185532120135873
13051882,0.4769616239855566
11032138,0.42743319749519754
13056013,0.9769605900473002
14018887,0.7720338799457497
12019008,0.3350584465139421
12027559,0.8049188174928829
13041650,0.3474481041300582
11034523,1.0804532389421193
13004055,0.34326418279496207
13025547,0.7720222839190299
11026441,0.5533008455612253
13043388,1.0719469012555551
12021276,1.1096663094718187
12028066,1.2297978676259331
11039137,0.8026538199579926
12024143,0.8583164307135235
13032906,0.46801356575100655
11026990,1.1265636839283237
12004836,0.24172239554801656
13033098,1.3917999924936388
12020392,0.6071367995627098
13040799,1.1656842233437938
11034962,0.8736792329639883
13013059,0.7280417454371991
14010492,0.7720222839190299
14029030,0.3274339080616727
13025534,0.21126617148892105
12004411,0.3533852116051284
14022445,0.5395093449929621
12024764,0.3416441221407122
14034225,0.9642908305053569
12012923,0.7720222839190299
12100966,1.0361143792632452
12032040,0.3754985419290848
12020362,0.7657489659493231
13063226,1.0950833980036814
12003752,0.6086798706593032
13033893,0.5737761655739554
13058061,0.6208135807260099
11033646,0.6518029501948913
11051030,0.8194474800444107
13033045,0.2202040139671158
12023305,0.519425912312112
14023711,0.9632375884429696
11033370,0.43194987230299153
12012777,1.2729317535468538
13017465,0.6641627340775064
13043232,0.25268193977114867
12011452,0.3524681881235998
13002981,0.5567656347163011
11044469,0.4786385621082957
14028402,0.7599984621806445
12011457,0.27006780701926414
11012871,1.1633730245416565
13028007,0.34529103185554205
12024374,1.408467480647631
12016057,0.2260688179680389
13025092,0.7720222839190299
13033759,1.1386705390070648
14007627,0.1820627690665008
11027522,0.40882991323093426
13056688,0.8819775345525529
14012781,1.2769562640161842
13012375,0.6097276567711232
13012776,1.0076214284423473
13025458,0.4095688278313437
14019290,1.322896672919173
13035861,0.38694901283031874
13048618,0.7981273757963351
11025662,0.32882566928780643
11013457,0.7782420631785095
13012651,1.2665266287845782
13026107,0.366810243930771
12029644,0.8797830239781443
13017979,0.7937985745172947
12028488,1.364819942092563
13009061,1.0120344345113288
12012829,0.7468515231795745
12016409,0.6047571126452127
13042389,1.0624103184764246
14011822,0.7591676392208201
11053107,0.5457069276431736
13010734,1.1243451221518865
14001833,0.6163091383703105
12008086,1.5064014442238551
14016602,0.734436401564069
14017891,0.9805832284701662
12012260,0.6500822455533204
11052398,0.8107057015740858
11028068,0.48134227105191507
11051625,0.8127321415387467
12027738,0.5771258926585991
12025473,1.289595389306085
11020704,0.4601280357927688
13043020,0.9086813708646395
13020084,0.7573093690342823
14028334,0.6166731722492207
14011722,0.5616498864581302
12015987,1.4500063846365236
11045958,1.42525496881694
14006679,0.8041876839126697
11014287,0.20655115195481177
13055755,0.528965592401725
13012399,1.1948715764895947
14022761,1.192309515826796
11052119,1.0162464942861213
11032684,1.024377478640238
12027842,0.4389941656523314
13049203,1.0526115927770434
13036580,0.9115861030714973
14013810,1.0949128532840142
13033710,1.1162102837200392
12025192,0.6848799725615956
11045080,1.289983134242142
11007476,0.36332292603349947
13064669,0.7175682633526519
14017084,0.28281050488471204
12004206,1.2431850037797363
12012738,0.9930884540252144
13056821,0.5615937571913664
13042178,0.6978429466003658
13034457,1.1393628272363197
11041380,0.1058149010987555
12020630,1.5171079916590076
13049084,1.3471015520422294
12100169,0.41794361954573106
13012957,1.0760148116665025
11028406,0.8877131901294694
12025640,1.1667586726141215
12004045,0.6611965789784391
12019545,0.6796746192600129
12024395,0.496941358007153
14012846,0.27244348149484515
14101233,0.9970969662714411
12016850,1.2131726608976163
12029433,1.2298854685416885
13044170,0.5188597959602733
14100104,0.6521766110460626
13021021,0.9180797215125979
12100287,1.3877268633929167
12029083,0.45917060671932286
11027139,0.7977249792994808
11040277,1.1286940056078048
11020030,1.1351848911937352
11045728,0.9621410652259563
12029427,0.587064748466319
13024649,0.7200467023094329
13026881,0.17055038509944664
13043597,0.9605381324446811
11045058,0.8277258257641213
14022957,0.735458879423978
13044317,0.6413579617390427
11034204,0.8844226985819725
13011049,0.635947727418416
12009131,0.579613183601328
13035184,0.7813010003535454
12004009,1.4029304723391882
12023440,0.8129263054859581
13049812,0.7117048435102467
12012986,0.3215568539371336
11025872,0.5148688131332717
14029285,0.627407137948905
14012598,1.1970381648129422
12008249,0.7402668181783131
12032642,0.6111418248953749
12024179,0.7049507221865896
13018223,0.7503813499575016
12020894,1.1599334604258638
13040460,0.5877842888046321
12100958,0.5881796240438477
12015564,0.7862746167927206
13010521,0.6160197813591446
11027990,1.1022292345342373
13056168,0.9347426191422257
13010793,1.4991281915956527
13056871,1.063851321780758
11022304,0.6437660196350558
13042387,0.34134046632931914
11045198,0.8150355775839024
11019702,0.8128887347998274
13100733,0.653564341907055
11040781,1.2438094631313188
12028020,0.7424842190840303
11033905,1.0087901598781648
12101152,1.1750383956359434
11033441,0.6294752754326437
11039644,0.9663707355554523
13034801,0.6861254870725624
12015324,1.0283278689243323
12025623,0.6808517489798942
12012671,0.373629278702068
12023920,0.5506919890390874
13048434,1.1860625838400893
12019602,1.4882348995556731
12016250,1.1322127812694438
12020696,0.6668780790257915
13012909,1.0775591972296104
12024021,1.2075244668138363
12020016,0.9517323860799594
12020624,0.6300393162531925
12024048,0.5319958616625421
11034631,1.2002706104228251
12020036,0.2722471295291897
11002024,0.7596246774177086
11038487,1.0013385943487847
14018346,0.4812836597909158
14002472,0.7720222839190299
13048590,0.19523159948513985
11032071,0.7915558385729249
13041515,1.2164669366274148
13041135,0.5406310682865486
13017951,0.6326200454445974
13024262,0.47233157807337206
13043708,0.2706414669647166
13035321,0.21244468955921275
12020816,0.624795275569573
11051629,0.3955679828131634
12019599,0.8261585401094388
13035912,0.41288700266537925
13032213,0.8045425837180147
12008048,0.877088869697361
12016097,0.8784771737341462
11026911,1.1827896498361885
12005177,0.5781083170567272
13026706,0.7460877133079451
12012188,0.5674277916242976
13032066,0.45921229188611823
12004300,0.4907599744562569
13019205,0.7720222839190299
11040817,0.8364541591691906
12015860,0.2977492762479647
12012850,1.13950756708811
12024467,1.3749585967862452
12009174,0.3886214091225652
13042983,0.8712868126361901
13063137,0.6980311107342877
14044226,1.19487799635638
12015596,0.5626377885907115
14012709,1.06719119071775
12015997,0.7182192225137851
13102038,0.6336711682906585
13024299,0.5570945122941237
11021170,0.8017499214252425
13017985,1.1179300124525704
11033076,0.6983177361010682
12011592,0.7793861815776375
13041625,1.126265470596807
11013811,0.4662243237351242
13025454,1.2525722493456066
13018429,0.9817690956052333
12021141,0.4738139313711936
11033043,0.577603430915612
12025229,1.0318887328300936
13056887,0.48751778149773456
13051908,0.21855520224271158
14011264,0.7529865065041449
12019990,0.7253312212466058
13020436,0.32365069097295573
11033385,0.875388297512472
12019153,0.2599447131067635
11051130,0.9710171431703661
13032478,0.29521216144800755
12004234,0.9417875168978932
12025642,0.23926261516421504
13010496,0.6190687081181402
13005086,0.7927217216255378
12020582,1.4133461768868927
13027763,1.2311017001121032
13059276,0.6000122016918182
13017171,0.3569849237950937
12016162,0.7700684958948618
11045588,0.8348577075230311
14033700,1.085716495703962
11020150,0.7543323132116396
13013524,1.1878231350641857
11100411,0.900006957997659
13034913,1.248610431410579
13058133,1.0829865721961938
12020744,0.42505453591718223
11034837,0.6112747326542127
13011656,0.9779733163352321
12009276,1.1105376009014603
13101985,0.7464172602437945
11035480,1.0277616814519193
14011651,0.6118197219036554
14005635,0.7511874185934468
14100963,1.0055326781762084
11046771,0.7504936865028341
12019564,1.1014485267495562
14008093,0.8296476839395734
13010546,0.5256073468224186
14023177,1.1873423885434482
11014781,1.0972420208115998
13010364,0.6990890995753748
11020228,0.9259839742080803
12029076,0.3280868896793781
11013366,0.3126804726032216
12024644,1.0905172967282497
12027589,0.8037150435973379
13025944,0.7184340344580872
11051249,1.1931388977632884
12020029,0.7666584590427428
13004181,1.5716843820272348
14001763,0.708140057962435
14013114,0.4721643423286486
13048454,0.6228508615019253
13035937,0.3098250532915343
14028946,0.9979767155115866
11020243,0.1384233918399054
12012052,0.5016368378818784
13049406,1.2837074092046619
13035164,1.0619284483417295
14033260,0.5110256208645382
11014364,0.8892395034995124
13027197,0.9812177895916876
12023867,0.3900973767822408
13032226,1.3558013817375913
12028101,0.7940219446305704
11051992,0.44389104075314945
13064237,0.8221047114897511
13059411,0.18308763723842603
12028633,0.7143297166935028
12020350,0.6415837299425614
13005395,0.7396455773111417
14017869,1.173132438432668
13018481,1.2476378390234941
13026059,0.7154686962316077
12028614,0.3018025142570959
13024327,1.0786718915041624
12019042,0.7327598021137038
12008424,0.705981973036635
13026010,0.716302354346604
11013914,0.7460167085392638
14010862,0.7311336928494656
12016641,0.755245650255257
14018592,0.6966147036804506
12005126,0.38168670382281816
12003738,0.9562608539860733
13018389,1.2244462167116554
13051817,0.593934752692664
12028854,0.7250286591065307
12027703,0.786661324244107
11037889,0.6929899314863076
12025448,1.03632574824197
13031606,0.8897318747713127
13033774,0.604070635435913
13018487,0.3557633813783654
12012669,1.167669400837189
12008188,1.0343929706282267
13051194,0.27237260553362913
12005745,0.7207683650082228
12016165,1.1797933187113105
14012644,0.7395619081583139
14006356,1.162725683083498
13011774,0.13425189018701375
12016774,0.2341099964868785
14011825,0.7589311891362591
12019219,0.9765751580880143
13042216,0.799500245075863
13040177,0.681929772645589
11032745,0.6167642135547485
11101601,0.483075519693627
11045881,0.7552451250971853
11018399,0.42250786394747086
13033633,1.1656637059825603
14005568,1.3150721857474
11008332,0.7821008708864018
11101402,0.7509750606103732
13028630,1.3034430099501142
12016783,0.755376128439545
13019309,1.1691276489838018
13003665,0.2878667461669262
11026323,0.6167034115125664
12025611,0.2720997209237148
13004083,1.17215920000158
13028038,0.40534342114816346
13002680,1.241819770275154
12028175,1.1985060159254999
12021406,1.298139020042621
13012621,0.8144485940877346
13016047,1.3256192914543952
12012908,0.9367693435386352
12019050,0.7571542714680842
14018811,0.8282693661991174
12025237,0.6443738304671638
14007114,0.7720222839190299
14006161,0.7014946000339414
11101000,0.9432410462324499
14027646,0.2887648082692781
11024939,1.2513130790231275
12016075,1.0478424451694321
13058749,0.23039736765788046
12016047,0.693463252510128
11008362,0.3131440165643542
13019643,0.8487142459812494
13050376,1.2183092410051015
14016729,0.8591775267065991
11021248,1.2725356880271668
13011601,0.3231050608644874
13063195,0.8596010663203175
14011853,1.1688968870814849
14022866,1.1179214837613487
14028942,0.8925090393756103
13018981,1.248658670795864
13025203,0.2754960393356621
13016976,1.081216807038234
11019338,0.8774631324281171
11021120,0.8471876356132745
13024969,1.3755613181456763
11051318,0.44452188806585835
12020842,0.4509577591586769
13047916,0.6317770041782947
13026172,0.5952911322172049
13048456,1.338050699363495
14039630,0.6043089469582672
13043329,0.7774081971712263
12009386,1.115763193449247
13063872,0.9760243956448824
11053072,0.5358034744279105
13017983,0.5335880920521402
13012029,1.2908073638178235
12029342,0.6063828044234673
11019507,0.8292159764149065
14022459,1.0918705713305603
11040690,0.4691544923278153
11014432,0.99331417152738
13019614,0.81019285075932
13033507,0.38327850923805074
12027368,0.3735644777067466
12008548,0.9856777193086046
11045055,0.4411723312564255
12003814,0.8268557340957855
13028379,0.9356088986301269
11038195,0.27954869001292737
11051849,0.8020831352229824
14029316,0.5328644769133857
12020356,1.7988892463147406
14022680,0.7694146986843023
12003667,0.9936329562877273
13048566,0.2551853999973694
11051133,1.144751008048914
11052543,1.1334420665158795
13063025,1.0913543417663312
13012846,0.6891710349380845
13018550,0.7270256293448728
13004291,1.1835420151778784
13027933,0.9148870683858503
11019822,1.1442187495016767
13035422,0.964340552819514
13100282,1.1998947468203702
13020620,1.1280199106262452
13056104,0.7921816923489652
13019217,0.8463099101921611
12015688,0.8037150435973379
12017007,0.8583164307135235
11028136,0.3100300445883655
12011347,0.3636230987238058
13051885,0.36650096729657305
12011226,0.8628979450452594
13032659,0.9283781067416723
13065151,0.4608982530603346
11013060,0.2149795960130751
12015416,0.9936738326893527
11051135,0.4236632081983139
14013153,0.5755918818887981
12016806,0.6124180374568007
12007598,1.1594464201914967
13042616,1.4337636209383777
13033962,0.4276946778963143
13017339,0.7232645463350216
14010854,0.3915966017741328
13049619,1.015805859443235
13050984,0.2826871714636673
12012169,0.8364844747496497
14011723,0.7711241137182349
14014083,1.3734714483650714
14100379,0.964340552819514
13026128,0.570746999092584
11026452,0.5991705534434429
12007606,0.24625649898407947
11040772,1.3397748541958328
13012963,1.177869634034697
12003990,1.0263145634907884
11045221,0.20655222316200386
14018066,0.7720222839190299
13032460,0.23992558005691428
11044553,1.0155199473145329
13018424,0.34328857680978364
13004265,0.7250927501343447
11040653,0.5190038240357859
13025488,0.19676189913693987
14013147,0.7952174943079068
13043555,0.6824105572326868
12024662,0.32651656826133957
13011213,0.7344462969684717
13018012,0.3915963118047856
11050735,0.7338591120670059
13042378,0.8792261037384442
13017851,0.7902930544046858
13025733,0.9651477160570113
11039254,0.22532033291483228
12015649,0.9522545294697288
13004223,0.35170532684249245
13009276,1.0669530240241851
14011412,0.7272380998508023
13018600,0.7165670451306337
12015983,0.7795923204426969
13042309,0.24310251486483175
12016382,1.2436239045220563
11020619,0.5037123232188406
11019146,0.4821089474663509
11007754,0.5420043257441538
12100029,0.7581392084481696
14021986,1.3366403099869155
12013446,1.2174395011543353
12004763,0.49312778835733684
11013900,0.6788825167516004
13101878,0.7142633848567604
13010297,0.6878935533770373
14101007,0.41290159362830975
14018440,0.7355955142555516
12004441,0.3779450082785849
12011622,0.7972222953809519
13024727,1.0594287958876385
14011136,0.8244305113911543
14028150,0.1629977318236623
11026751,1.042684689468932
11040025,1.2775836256190827
13036550,0.9546350437572447
14007355,1.1919300868982723
14032650,0.7778717958852951
11025178,0.9771683426980489
14016583,1.2842091176383794
12013211,1.447698570173749
14039502,0.5102666937768454
13019975,0.37759728246050855
13057956,0.37335012934566664
12015364,0.8037150435973379
13064843,1.027234853993808
12013021,0.6087356460760617
14029122,1.0310353366200473
14011175,0.960008483887232
13012419,0.8349902347829915
11044972,0.33954305245665384
13040842,1.273421325758887
13017229,0.6038909179205048
12003817,0.8465245916093193
13056058,0.600537701840391
13004104,0.990854556936814
13058119,0.8963696704679027
14017093,0.6690074628380184
13019047,1.0577313105618995
14018061,0.7720222839190299
14018456,0.49393075450124174
12025204,1.1373732935807093
12025908,0.29373475465723375
13021235,0.37720758068646154
12007878,0.9604827487918906
13034464,0.5593387344739927
13020536,1.1417016306834358
12008210,1.118810085497284
12016318,0.7365141568080424
14034710,0.5936524919517364
13041461,0.7286584470445483
14018319,1.0320928465921626
11046512,0.553937142396606
12027415,1.1662882599345472
13011116,1.0463818163119338
12016826,0.27829675682997557
14028018,0.9495647822745694
13035333,0.8570430447735926
14022240,0.956154637650714
12028956,0.2738283078184661
13011171,0.5109560785295474
13011094,0.8727249568879047
13062927,1.0961337701339156
13027510,0.2882502403817543
13009465,0.3574509457745841
12008743,0.43892407826430124
12011124,0.367764473991076
11008303,0.725900670370284
13026577,0.49863553419802875
13028581,1.0310145079317317
14006717,0.8265915371386414
12013472,0.691156493568072
13035941,0.48530459756190125
14013577,0.8163881008226319
13010900,0.5990071965523491
12016167,0.6969441722233017
11013217,0.9825818580142988
13056823,0.3261679692793913
12004568,0.8317663490789151
13040209,0.6251101216086299
14101541,1.0405843553926595
13055504,0.798496346073635
13028105,1.5109255566112898
13019790,0.20910102148309467
13027514,1.0039068712261028
14007539,0.6980552542302547
13048573,0.14014923210141408
11101174,0.964340552819514
13009721,0.5719136840931358
13058805,0.6398093650695489
11045092,0.8149499026810267
12008807,0.833060204620791
12016928,0.2277733039501516
13102010,0.6204012565795475
13056716,0.9485803926963723
12003856,0.7423580924510218
14033172,0.34289876166000277
13004609,0.9343380000321376
14023375,0.4804185568706068
13024646,0.5766358759478475
14018106,0.9384978775947351
12100971,0.9435965429311741
11034316,0.9802997426455105
13003432,0.9378926398343275
13009724,0.7742310317357934
12017286,0.8531856320520752
14028181,0.7720222839190299
13040515,1.3055916901191833
12024677,0.9596234340715908
14029001,0.6554387663779813
11013389,1.1690466262235442
12028356,0.7376898814525963
13025383,0.46820046192162357
14012711,0.7949417985433755
12019887,0.5967409124417496
12015310,0.2859635411977644
13044297,0.7379216252644477
11015222,0.46483774357886354
13040634,0.7053618005631245
11043877,0.3623232086175356
12004177,1.37291396725442
12100933,0.8037150435973379
11033577,1.0390859623712823
11045649,0.49542157110965584
14039545,0.5868100557985698
11021670,0.7679919373098859
13026470,1.4517781037507722
12017417,0.6353339540899835
12019805,0.7334092703780561
14021937,1.0023726550085834
12011823,0.8364837351865004
11050830,0.36059072826222843
13064781,0.7793067693608241
14013258,1.1341505350556134
12028649,1.4148344952972025
12025604,0.2857121244805149
13004748,0.3509920796564331
13042046,0.45611543501576096
11033855,0.6056426210074944
13003431,0.7364509149162245
14022322,0.915084183219999
12011565,0.42070246401360906
13004135,0.3835276854968121
12021039,0.20879804554894876
11044900,0.23291578789155346
14011188,0.4226282815724264
11019195,0.8555375634714159
13011177,0.5158912390812196
11006484,1.1700086703487662
11051401,1.1446026899729926
13011165,0.7151905718109023
12024727,0.7640215019335993
12012811,1.4359719066188428
13057566,0.6093764396556179
13017243,0.8898940632862719
13027391,0.9787335852212249
14024649,1.2563274135741365
12028011,0.728009046980117
11050848,0.258613006100894
14006148,0.2571073794634198
12100914,0.8037150435973379
11033839,0.4567252497868444
13059123,1.187213364089097
14013713,1.0568821717932453
11014276,1.0848408679117565
11025794,1.0911844955353547
14021785,1.2279417860798567
11008110,1.2715014217262848
13035128,0.924214015941143
13019986,0.6715703134275146
11038339,0.459949139396143
11021783,0.34667283572536767
13009448,1.2448780785655178
12013128,0.29537097847522625
13017389,0.20280438200063206
12020949,0.8725314974697593
13011103,1.2611657277715513
12024346,0.396076357556131
11051162,0.8230839466603393
11047418,1.217725952178571
13017347,1.2125996057582265
14017077,1.0609079222300943
11033900,0.3885153912691375
11100966,1.0944424609515173
13002831,1.2219571861332528
11007811,0.8959864462422137
13058707,0.8319103525377645
12019672,1.301378440300761
12008849,0.5446863406172495
13019877,0.6170045940716556
11044633,0.7822324949481123
13018372,0.9264678617379112
14011285,0.7249695122800133
13033910,0.5780671245369922
13050535,0.13219354334869393
12015889,1.1546509764484345
11040225,0.9641294063018926
12012436,0.5374968471711103
11028611,0.5057768758592196
12008117,1.0162705143394002
12023608,0.16649024794125322
13034693,0.3436029410952778
13057617,0.7720222839190299
13024633,1.2725283182770202
13019782,1.0498080105749925
13042954,0.9952188858337917
13040723,0.19695526239251485
11014814,0.6953824994529273
14039307,0.28918149509620145
14023053,0.6216886586368612
13033014,1.5097626014783632
13017937,0.6013866980445478
11040832,0.5835528192034919
13034812,0.30109417145608464
13035243,0.42572097170455736
13041373,0.7566432683552378
13034596,1.0358697519018816
11014372,0.2366098265885396
12025236,0.5795052809466457
11051526,0.5505923917753747
12011910,0.8583164307135235
13026607,1.1030657954490026
14023346,1.2586539706531419
11031463,0.43864738389876096
12017252,0.7112291648056289
13041836,0.3610929676843337
14023326,0.7002430424818364
11013226,0.8935947050644819
13043023,0.9129470895655437
12019119,0.4448018051956201
13018068,1.5335014218106395
11021737,0.15254458278393937
12004406,0.1913054284189802
12009042,1.2244019475153003
13003489,1.073985460814122
13024760,0.3768473101399751
11101263,0.7720222839190299
14033266,1.1433485724682364
11025710,0.6677503603121769
12023747,0.7189302441382395
13011960,0.5479707022744321
13003418,0.6885517525576469
14024594,1.1921042823677819
11032633,0.57388831923156
11046823,1.1805999570602266
13100496,0.7981273757963351
13039890,1.2588456589360646
13025469,0.7338160951183126
12019469,1.4523335166585027
13057500,1.180552827182559
12004178,0.7512696385413242
13017219,0.3561977087460643
13004220,0.6755727255341841
14033830,0.5665249334650069
13024741,0.21995132648800034
13024936,0.46395670275575507
13064305,0.363309196314855
12015584,1.1644310444558124
11032806,0.7720222839190299
12007361,1.176371905781864
13004198,0.8626699823043222
12005170,0.4210808939542368
11044724,1.5648756706453062
13033832,1.5185340179848839
12025415,1.1537208944114823
12011819,0.38264164957753627
12016360,0.6760538378521701
12020505,0.32891604223375837
13020551,0.3332202104142698
11019768,0.5574493942043274
14006031,0.4811730389571279
11040230,1.0565324467196917
11052766,0.5164946613831565
11021604,0.7551569624917479
12008830,0.6838018951377876
12016352,0.45856445841874377
11052021,0.3070166989780483
13043012,0.6893788700132157
12003582,1.7751315812872956
11021655,0.8441007202261034
13027438,1.0212073015283976
13026702,0.950181229717791
12024507,1.309211548637217
11052689,0.8405280569100977
13058625,0.8449506794938979
12016390,0.9340144008073559
11019748,0.2944425580954245
14021935,0.9608320599293682
12004611,0.3570066391954054
14021836,0.9518566176486597
12011503,0.252095887326943
12023990,0.37495658150729505
13003336,1.059546200806203
13019696,0.9734313355522133
12008187,0.8205245129961852
11045753,1.108320102097994
14039056,0.6208716901296228
13044216,0.8116775777880548
12012612,0.7829550107621784
11041324,0.5860147221531279
14012553,0.7720222839190299
12019382,0.7366702426130374
11027425,0.9326638022143104
12008933,0.8272071922117338
12100324,1.2312797244549034
12007628,0.2576914547529414
13101265,0.9278932052002214
12021438,0.9240908852004074
12025001,0.6246874655427689
11045672,0.7852471812248878
13020517,0.43471340238428074
13017363,0.4436332290460107
14028144,0.5319530621198776
13034618,0.3586106505987786
13101996,0.6143681214987035
14033041,0.38107611781660533
14034288,1.0622652527938181
13101155,0.9845609665321402
14100540,0.21746951651216911
13034831,1.2264414462729691
13010480,0.10824810097315045
13064130,0.2786330499668165
13017125,0.864428144679102
13025427,0.9860193029425507
14016989,1.1245361727433933
13050588,0.6975293020075257
11027847,1.1043142280508669
14035190,0.9040208346869685
12008929,0.23945957449416844
14100612,0.7869434716890074
11040107,1.0058356840317517
13005497,1.3144421508248962
12013525,1.3012147320243965
13009259,1.2334937444037508
12029077,0.4299649232413713
14033840,0.8245980612489489
11052641,1.015275461154562
13036403,1.354349352729667
11007868,0.809727565631928
11047609,1.1487993474990041
11100604,1.1631259140080705
12004966,1.257731518411034
11047075,0.35055033239539635
11034230,0.5999199260551333
13043055,1.0772316321350164
12020946,0.4002674721607409
12008207,0.8154322322405734
12004783,1.365974509135247
11040007,0.45614674753980333
14007353,0.9510761531471214
11038997,0.9859921426061835
13024511,1.316492662349583
14100998,0.7720222839190299
12016119,1.1710261685927048
14017493,0.2523570602515735
13025515,1.033590507191652
13026782,1.0472480824273331
12015485,0.4667536726665898
11044343,0.5457441955554003
13020374,0.7641170885480555
14029368,0.6528448964515248
13056061,0.9789068758701163
14006737,0.7125541200862457
13019992,0.4830144524388005
13057338,0.2875292025343226
13012268,0.7395216928137301
12016552,0.18940601281503433
11034350,0.7741315729299366
14029210,1.0338010714290942
11044340,0.7417776955037685
14033623,1.6194018880608934
12007914,0.7328687282227893
14019347,1.0292727597367095
13040638,1.5057597545706718
14016842,0.9181635338138691
14011985,0.7780717507881725
14016657,1.064047795509832
13004993,0.5401054238089038
14100787,0.7278349914688154
12025629,0.5089111367420293
13024970,0.354924058150548
12023748,0.7247820399209495
13019729,0.7549902821706769
12015276,0.8157181043467447
13043746,0.35417885342978195
12017118,0.2801944202139142
13012179,1.3930532682792593
14023327,0.30082888843124134
11039157,0.29644408832295716
12100437,0.36330085815364344
12004165,0.45753388406765233
13009799,0.5029588288087049
12015470,0.9813656209584685
13003830,0.17156185663516405
14016268,1.3165267556248563
11025841,0.6952442671603589
12025132,1.380985372050142
11020598,0.58782145321393
13057430,0.49435163932425397
13056934,1.0344149867968195
13031725,0.9381196839544239
11015341,0.418083318282759
12004139,1.016653040823956
13026003,0.985919351602245
12007575,1.0627938051890535
11013290,0.8740484142819063
14028483,0.8591413935221197
12024751,0.7032905136977936
14028941,0.3638269559983334
13026787,0.2931784796019769
13056906,0.6233910209863514
12012244,0.6070763675869081
12029038,0.6586741570115742
13011786,1.1886666914122406
12009263,0.6197337173844215
12025032,0.7900484428366739
14010828,0.6347682627702274
12019695,0.27505354121211867
11044036,0.45532114874244295
13043691,0.20289088216047688
12021004,1.435586250348993
12027746,0.7951452359278813
14013211,0.8643844433043205
13041572,0.5551376189212138
12016388,0.43325843519586654
12020375,0.4005791182612232
13010953,1.0653169035377423
12015999,1.0994178520428126
12004790,0.4453099508119045
14013316,0.5724703177672045
11051633,0.6855058580189741
13058189,0.24283892868098647
13004732,0.5927625142059029
12011775,0.9185261393942373
11047302,0.9520449046796705
12007757,0.9558304400510447
14022642,1.1115356846247975
11034765,0.3110760035773219
13039998,0.6785364879105273
13020544,0.7803755477195007
13009854,0.34035142168522453
11040726,0.5106296034031055
14022010,0.5142243037670273
14007565,0.7095836720762524
11027040,0.9293630960796149
12008520,0.8822141478814238
11007266,0.42204426193927846
13049724,1.218711343081595
11047045,0.45162541493909963
13033008,1.3576859562822654
13025290,0.8667450731625135
14012102,0.6336043838277251
11047058,0.38525742181333217
14029349,0.7720222839190299
11044631,0.2986509377673323
12020230,0.7515317108386971
12023330,0.32751873553839106
12028669,0.5265163252683324
12016467,0.8567578099407638
11034313,0.8017499214252425
14011872,0.7720222839190299
12021199,0.8325924280952716
13012864,0.7903005633195724
14028677,0.919424231139974
11020161,0.7001412306729139
13034904,0.964340552819514
11101579,1.0667047980113207
11025720,1.1586138251217633
11032736,0.5883490086075948
13043400,0.9730552923542511
12015835,0.9919402929956093
12008456,0.8573815689256101
13004522,0.8799470560354189
13059007,1.0077742173963424
11013858,0.2961523665090656
14011289,0.3580408289696065
13010627,1.0197247796247724
12007449,0.8950317955475521
12008603,0.4428499484322855
13041457,0.8257405125244653
13051050,1.153790732089145
11033260,0.8952389330660888
13034519,1.2700195388920266
13034443,0.8115550392731014
13025699,1.0444410648171503
14011741,0.2849405578293739
13025048,1.1144570699498555
12009280,1.1086816880429573
13050310,1.3363324452958287
12028177,1.2334022703892251
14023454,0.5839845614672812
12007729,1.2050403699978427
12023905,1.301247254997274
13034963,0.7981273757963351
14100614,0.9307948784402273
11044511,0.743790648581296
11013236,0.4231324646295882
13026578,1.2235572552118885
14033661,0.47284881982444105
13019303,0.7673535688249453
11051978,0.15072091062977447
13003783,1.0552503448456738
11028029,0.3520150866608543
13017336,0.4396791671385801
11033779,0.5002360987070346
13057749,0.3262887511227585
13034629,0.7561021359756479
13004320,1.093118300237687
13004103,0.6485256380296718
12023753,0.7127895486868137
13024743,0.7754863131022229
14017206,0.7810460261693847
14006711,0.7757235275937855
11051563,1.2439972980043046
11020273,0.19242583718942874
13027621,0.3045768467244388
13051087,0.8526197888315228
13035252,1.2095298500183014
14023726,0.5703938671254544
13026228,1.4890422183508107
13016918,1.0972857186312106
11041352,0.2586593043098348
14039088,0.5734005438352714
11050787,0.669337578703057
11101105,1.0073790526083604
12100949,0.9915958904385919
12021083,0.20615114337081702
12019815,1.0101970172901371
13041944,0.2991046260329729
14012460,0.7720222839190299
13051772,1.35764312594222
13017135,1.219987209089177
13034601,0.9947095579701923
11033830,0.6798864410186514
13040176,0.4489105515593586
12008326,0.7759934901434038
12023825,0.7720222839190299
12028773,0.8037150435973379
11041081,1.241229661917971
13033262,0.2804869772255232
13004315,0.37250486588828485
11020727,0.23579073622765498
12023600,0.5125640641769532
13017355,0.9509065273409818
13019256,0.6620141329088305
13059396,0.881115371913305
13016239,0.7769473446208925
12100417,0.7863741634460375
13012904,0.5346863354452341
12007920,0.5125350400184303
14033812,1.497174285195054
12004474,1.360585220357222
11033372,0.20286443215343994
13012126,0.7720222839190299
12005123,0.9862428522224563
12020727,0.6055811178259551
14007137,0.8436234151272217
11100802,0.6501956985112376
13034113,1.1760504059557215
11051201,0.974738034428187
12005456,0.41720601569874494
14023234,0.38420369117487924
14012894,0.7720222839190299
12025094,0.8246714469792846
14011759,0.5692103673957205
12028393,0.966677722364242
11014901,0.3589530661151212
11045205,1.097077999089374
12028639,0.981264153191856
12019709,0.8037150435973379
14019342,1.054621302810269
13012352,0.7319535285896569
11007332,0.7191682025340517
11025749,0.6416282255012931
12101390,0.9135322478403467
12024479,1.0861606610722807
12003536,0.6100264384067249
13020095,0.294431258008055
13026795,0.7515635094790818
11052394,0.824456654035951
13034624,1.035752854685414
13040082,0.9804745412624181
13012383,0.3527182336658954
11051545,0.7487786106941481
12029377,0.6415526255325235
12021080,0.8124696207280521
11045071,0.5127199529389107
13044163,0.7412477661939554
14026711,0.630628883613731
14101264,0.9753533173898806
11045549,0.440856760763899
12019543,0.29365620286297794
14028554,0.6260436826736655
13051437,0.8881993236036003
11007034,0.8256925296293899
13024003,0.7460891363549613
11041315,1.1683524960822467
11006771,0.3223330296036945
14022928,0.25794238301620676
12029411,1.2371956937525554
11101160,0.9225061115315679
13041530,0.5775792561866556
13048516,0.5361365683653181
12019424,1.170323571191894
12020045,0.10911325098027586
11021666,0.7259776263997583
12005447,0.41605517368882977
11034769,0.26635423473585546
14027545,0.7930516866219753
13043068,0.32246126935516506
12008533,1.0587867145598888
13050450,0.7575357725811546
14023661,1.2033637923127012
13035086,1.3043185764656755
12100525,1.0433622757761936
14033536,0.5728038409747339
11040856,0.6364183408217078
12027932,0.5376044362413358
13002872,0.6130103645005706
12017000,1.4569050934224876
13064530,0.3691298996321153
12028985,0.9017024742943689
12028019,1.046955441355951
14035181,0.49651263198297135
13065177,1.1750817566753713
11044863,0.5584334239776341
11052033,1.0751064083797408
13035943,0.7404764739271517
14023291,0.607389222726498
13020527,1.5305833580055486
13019861,0.5484364482132031
11045409,0.8875490999629839
13051079,1.2210202749355143
12013503,0.22681055534109706
11051163,0.5570341039659334
13041621,0.5559122788186537
14034665,0.2474263290380681
13063591,0.9862851614344699
14043854,0.9794776595743611
12011846,0.6928751587222634
13050655,1.0276878408357237
12011513,0.451060388137476
11032900,0.4214982825074965
14022011,0.47627436479712976
12005110,0.8402485199445965
12020697,1.172726176783344
14029541,0.7720222839190299
12013547,0.3795691880910877
14023045,0.9489323025053618
11014883,0.4209011007413304
13010543,0.1874827777574415
13033830,0.35308823211686563
12100280,0.8693051692896202
11014108,0.8129598892481588
11024931,0.4305483210747551
12007912,0.8202295535967175
11039061,0.2586923531624565
11015247,0.28672423098967526
13035052,0.5909374331048332
11052625,0.7484762749440519
11100202,0.7509605063043905
13004254,1.1810433518664347
13005332,0.9372981400058131
13011184,0.4990966594174326
13043034,0.38546784594752387
14022237,0.9854820103791887
13017987,1.1016369057163966
11051580,0.9864687848865015
14028073,1.2527278625602485
14028855,1.0833323161497936
14034607,1.2331584972767407
12015887,1.1788405535057025
14007054,0.3559157608594878
14028832,0.7144074567503677
14034297,0.8318195209962298
12016329,0.13421286604794114
13011526,1.493069705910587
12021101,1.2706355270138763
14017719,0.745689575538828
11037887,0.7250769879490676
13063478,1.272282567731945
12019604,0.6803226826274512
11033178,1.005800181224509
12008653,0.730822326954733
13004608,0.9982284671128357
13043167,1.4545040716921935
13005496,0.25377043814474126
13009543,1.2037456021669195
14006992,0.7149441888953321
12024196,0.923859004585916
14023741,1.1654152544615826
13101067,0.9339221726882796
14100499,0.7919475550135556
12028467,0.7446526274309785
12027597,0.9307782544332445
12029471,0.975967232477286
14101010,0.7720222839190299
12017058,0.622506644678976
11027054,0.476081183090411
13035207,0.4874995646216248
12019919,1.414197077861231
12013241,0.2964411473549535
12015635,1.0190312046150625
12015967,0.9364112872605032
13026391,1.035574497083205
11013585,1.1091529926183439
12011933,1.3446773677570014
12020424,0.2555527171622765
11040179,0.588659185458053
13010464,0.9646329391196737
13009796,0.4523423014936136
14012289,0.5349822041207913
11033292,0.9977071289408411
13017955,0.5957105841655924
12023687,0.4549953430767104
13025463,0.22355910324113615
12003965,0.8440143454710126
14018756,1.0380478832856606
12008826,0.4720252759652933
13050852,0.7966451264140114
11052446,1.1099618442064911
11045662,0.8133751789585176
13010817,1.0498566954697395
13049807,1.4012054618169834
11014133,0.90929781262316
13063157,0.4467726053801791
11047491,0.4574102266537548
13032803,1.4798728838525081
14007945,0.7542755738604404
12003737,0.7405295999740323
12021312,0.9869933857332517
13057487,0.5969571415518262
13035615,0.9644809582966241
12029106,0.37101337391312095
13040601,1.4670893684056117
14016074,0.6959744861917693
13064327,0.4646852789848664
12100420,1.221224511522949
12028544,0.9588302805140064
12009047,1.1359496517407928
11026598,0.547490663180287
13036013,0.6457978309905922
13012416,0.36428737152877827
14012163,0.6376108586352232
13042370,0.5414514487926627
14100646,0.9190164870562932
14027038,0.16224510911623471
12027459,1.1764625775162414
11033221,0.6103532217335208
12019502,1.5506407938062918
13019225,0.5204686781124458
12025025,1.0048923710188158
14022962,0.431817507773147
11045619,0.8212912517805313
12028299,0.22761886982097324
12021047,0.5543092942520693
12024386,0.4603538058519753
13035870,0.6826822276237131
12019646,0.5295737427417486
11026276,0.45813636836825206
14033847,0.6338714933845853
13017285,0.6825677610594825
13049844,0.8066781646604569
12015444,1.116057955971591
11045716,0.7764596119994468
13018333,0.31154768296017354
12015593,0.7695886799974359
11045031,1.2195175173786494
11028075,0.3169843058080772
11040285,0.836045080883096
14100261,0.9874732647142411
12015548,0.45225917217847034
13041809,0.9009291480126662
14007091,0.5356247483168054
11039698,0.6601583132536903
12015024,0.5675614876120404
13100736,1.423203021845493
12019571,0.5631813824138492
13056251,0.3630920034990748
14008382,0.48190089760713795
13056835,1.1554244925721253
13051796,0.8082967004293292
13011152,1.00928842001458
11007781,0.9403253411716517
14021961,0.48637349283584586
14022356,0.5928550850423104
12008621,1.4606825987756122
12028986,1.2467840103562475
13018648,0.7261507375008164
12004391,1.212198600350267
11101172,1.2823874457207987
12016853,0.5187060715211312
14026915,0.8883947073909974
12029386,0.39963490933143375
11028049,0.40002633945291377
13049586,0.6408097733121696
13003802,1.210166236299956
12100598,0.9628022842051321
14017419,0.5136050260981082
13057354,1.094558289597583
13032469,0.5382575941463132
12008558,0.22964527719614763
13012290,0.9935234513515309
12100304,0.8999729018013417
13044107,0.37618547355259613
13035277,0.10727737766177181
13032322,0.7981273757963351
12023344,0.8524988365646311
14008423,0.628081816970508
13028622,1.0370212284612663
14039646,1.096592285454423
13017218,0.42968272081721975
14005636,0.6854263969653335
13032938,0.8370615054311795
13050617,1.192631382003522
12007462,0.9516024580235843
13100697,0.36858025062612526
14029829,0.7222960004747158
13025170,0.9714279820561729
13004735,0.4080782948174134
12016691,0.872861548799904
12019450,1.0022898149873114
13035775,1.0918704107625306
12025488,1.2097733667725554
11039617,1.0943167441700192
11033353,0.6246283878405744
12008844,0.8440822904685527
12020038,0.46526114241284733
14013282,1.1788639338119642
13034622,0.4378981545952172
14012728,0.7720222839190299
14006681,0.5295776455329336
11044379,1.363182066478926
13010477,1.11097700368357
13043717,0.9455651770073604
13012368,1.0435587830923512
13017181,0.939334725251805
12011912,0.6314360516434335
12024844,0.8467003016047181
13036593,0.9762575035245304
11051123,1.1613852574957788
13049875,1.1310669013148569
12101166,0.7732609639383814
13012973,1.4089314666365125
13003566,1.4342667227267631
13028008,1.3022524311589125
12021024,0.7290564768135459
11027928,0.8017499214252425
11014805,0.9491509671393373
14027501,0.5638470994642573
12005549,0.4967523768275203
11038647,0.7941574276029525
11033824,0.9862461113173312
14101248,0.6849401158778066
14012324,1.1549954143874945
12028661,0.9190994665124851
13050331,0.8455614700097784
12015765,0.9119191593950294
13018875,1.419207275678945
11051074,0.3580551356154969
14013763,0.6078099197946369
11019067,1.206723165285637
12019380,0.7353436927549982
11020771,0.5934872143310825
13009951,1.1398477669114901
13010258,0.6693476969896172
11045710,0.38639133647306656
14012022,0.8969230687426462
12025788,1.3052398181197176
12008905,0.642270257634094
11039105,1.2751813871641935
13035251,0.7488983016073998
14028085,0.9254604696758362
12025418,1.4801292383094755
12027356,0.8396889168681951
13004601,1.5237512761669845
12013393,1.0390153426342297
13042070,1.3503221618788528
14019041,0.5237948508083382
13049147,0.8543685510683209
12004029,0.6236273154739697
13042300,0.3519997506840704
12003671,1.0869293512970264
11050792,0.3517546813773588
13020375,0.5517595461847743
13026886,1.311592483379204
12020324,0.7297457140162653
11027270,1.1380112974516725
12007583,0.9697546708975794
12020798,0.7720222839190299
12017441,0.6371209929000844
13026185,0.656635845040529
14022564,1.0810547650815636
12004759,1.158076448369475
11041377,0.8843124176559831
14022777,0.5043815666646269
11019675,0.4495175227255548
13026820,0.7348743544323132
11014346,0.15064402300214005
12012934,0.964340552819514
13008961,0.22637356466286612
11013323,0.23252414461545334
14016300,0.9360516016171736
14023704,1.3201145583523006
14013707,0.6262752787115435
13026459,0.4559860907553982
11038525,0.35097718675128947
11032740,0.29181889928083665
13033929,0.737230336694875
13049861,0.9325609533905272
13044063,0.8872231542193478
14018457,0.7720222839190299
12013199,0.8990477036506134
11045486,1.0096085561458383
12101370,0.573320299685558
13034650,1.063436244650547
12007970,1.0725633629257585
13028093,1.233678042578586
11046258,0.8119814430537085
11032119,0.45521218207940883
14032729,0.9378961254334756
13027440,0.7902941523572327
13018477,0.7417277203755027
11052546,1.0106781016611688
12005595,0.2980839836999727
13010197,1.228929677055151
13039960,1.067852797860673
13051927,0.8629600395584714
11051206,0.7487345265827229
12016373,0.7464079691916329
14034520,0.5792593448498726
11027702,0.8017499214252425
14028542,0.5768433883376143
13041629,0.24044615805514713
12023980,0.7063650090863873
13059467,0.7626588967018938
11002218,0.7175072020879786
11019070,1.0225436614964452
12011951,1.2949470705323947
11053151,1.0420687134801072
11015190,1.1713374138819774
12004738,0.816664884701639
13064086,0.3781695146263208
13025089,0.19859685314624914
13033061,1.1394844743256463
14101071,0.7397868801978004
14027658,0.20712217830266857
13033022,1.2160012427279607
12000840,0.3504666402143595
11047288,1.274666092318294
13024813,0.6551439031376783
12013534,1.2266684842867208
11040129,1.0821139951674377
13040031,0.4401953455096266
13019597,1.4670995108199196
13009547,0.7798782073541976
13027329,0.4616881451300205
14011327,0.9079800754370551
12004145,1.093317422541403
13041422,1.4051875211015707
14100972,0.7566910522529586
11045081,0.30314093460298097
11044649,0.41102875619256496
14016617,0.5257344369622828
14034389,0.24053226433726713
13043368,0.7981273757963351
12016740,0.555801678013221
11046355,0.9502557713212525
13064632,0.5249010127697084
12025511,0.7720222839190299
13004627,1.2501016537395528
11007297,0.41479570007900973
12028686,1.151461758761002
13043634,1.0661121463588787
11037452,0.6433867578340724
12025637,1.2064070922386223
12018855,0.4200050069551731
13057208,0.6721194850486681
12007508,0.7952433870425131
14012607,0.8291229878947618
11021768,1.1615767506621315
14018582,0.35670887223861514
13036675,0.5488977005140395
11027576,0.14124825137416103
14028982,0.7374682043624102
13019786,0.8643688271504639
14017834,0.4797721629973093
13039549,0.7720222839190299
12027979,0.23762303174480404
13051890,0.4110398805794366
12015298,1.0045497427616201
12025571,0.981988695039649
12020049,0.21797133520924028
14006016,1.1109451699936919
11027084,0.85575253766668
14012351,0.7720222839190299
13017841,1.125962389621037
13064321,0.6891118952501424
11040764,0.46186150508538426
14012693,0.4402105081436188
13056598,0.6730305135802864
11040683,0.8377635968800676
12023802,0.9780332394993132
13024700,1.362729643336828
11026856,1.1647920115174266
13027707,0.6698852339672612
12003837,1.008981441441649
13042884,0.36642965550295964
11025655,0.5837638474506177
11034944,0.8635338365889165
14027745,0.9480558868661189
12012563,0.9577122143235367
13102000,0.7680582208136214
13042690,0.40879009606157524
13011773,0.7218139464060347
13034914,0.47070349884067414
13028066,0.6748497796425074
13033281,1.426082381491098
14007797,0.5247924881425797
11101144,0.7720222839190299
13056712,0.271539300041151
13027359,0.4284101979658061
12011844,0.9273806602307153
14021964,0.167164311961998
13020158,0.4959865349814864
13028529,0.35282167400733755
12025304,0.5966019545006106
12019454,0.998126898123201
11040734,0.5291900015212033
13040773,0.40095358567549266
12028305,0.37417296968624747
12011605,0.3741525856684423
11019939,1.0547010769178218
11034417,0.5445885836503248
13010717,0.21678145275496594
13063474,0.648365925787675
14033325,0.61494907449114
14007506,0.8914487309838313
12008544,0.19457614896516606
13048226,0.36247459604844645
11032171,0.6182971150162728
14006645,0.5363943567962173
14034758,1.034665441516187
11052762,0.6306713525155562
11044261,0.33867620276138055
14017835,1.0973035465833647
11008235,0.8017499214252425
11026243,0.6828191786648845
11032185,0.964340552819514
12027966,1.0037001993626928
14007593,0.7382443483360726
12005214,0.5033767717495724
14035078,0.5178773889055537
13019585,0.9864501798029001
12027958,0.9573284691009236
13057993,0.7649553108451744
13012241,1.4889646494406223
11019174,0.46703905824787273
14034714,1.2895293436368616
14021629,0.7753318282610303
13102013,0.964340552819514
12017067,0.8245100381530662
12008082,1.2411864786856057
11031737,1.169299109253915
13027268,0.534989319025712
14007919,0.377645230070542
13040425,1.538188033540022
12028483,0.35998684803026526
12015208,1.264117728001591
11051990,0.21577921441251974
13042264,1.4962995446992153
12023310,1.0312530280380365
13026173,0.8920814324586026
12007461,1.4165716961090271
14034398,1.110210703390174
14039132,0.7024157550250019
12015963,0.6374837870272269
11025774,0.6501083567666683
13058243,0.7339105096548767
13035959,1.125248615631615
14012548,0.7004626636436718
14027215,0.5031709535633404
13039602,0.9608237240273911
12011882,0.8556121864876729
13050461,1.1685349112865822
11033667,0.6306443640494712
14027466,1.0022902674004286
13063576,1.081670900718376
13049877,0.6948077624269635
11027848,1.2116270121911525
12028330,0.8413589296787143
14018950,0.20560753872070983
13063958,0.653991126963181
12013212,0.4371889390294487
12027974,0.7156966646192916
14007014,1.3010846867128019
13009491,0.7108310735817954
13056098,0.6572545416996107
13047791,1.0004541565068805
14006174,1.0249868583334942
13033217,0.36394905354539253
13024838,0.7720222839190299
13017991,0.35603834676328033
12027602,1.470771884892648
11045361,0.7398664376459582
13018046,0.3893445062274926
14006651,0.9307023310493767
13035980,0.8089253044828696
13049784,0.6517672705044495
13004227,1.0014578393531384
13011409,0.7430098391889262
14022776,1.281899596789616
12008652,0.8037150435973379
11013185,1.1720705157349027
13051031,0.3583270911041673
11040200,0.771885196696235
13026491,0.34279572064039926
14012033,1.174288275978032
12011674,1.11709590258595
13101635,0.5488509208054717
12011827,0.8431177169232655
11027762,1.0804139510007622
13018556,0.6825099729764288
13031798,0.7720222839190299
13035218,0.18957266282569507
14028980,0.5406593927767896
13011831,0.26384304749163073
13033889,0.49010378147519185
13027965,0.6742245328550338
12023421,0.9855872962088991
11044345,1.010632717195146
14012370,0.6718992954408468
12011480,0.2592507866269608
11046290,0.8136064901488292
14023341,0.48488298510148226
11021175,1.2140057531419834
12005081,1.4287668689935873
12029886,1.163052696143906
13041622,0.19943771228348964
13033153,0.6333279050859348
13049092,0.8349096221643874
11052299,0.8588875133644543
13017550,0.9098684237560924
13056847,0.4957348381020907
12019047,1.1387014568071334
13058814,0.7821273164639025
12020050,0.4376618856369449
13040963,0.7720222839190299
12025663,0.8436620007670832
13032431,0.19815824792552103
14017033,0.3928116317401763
11018136,1.0298090284062313
12012856,0.34426929003713125
11052000,0.6057688296656583
13019171,0.6894205283158034
12013071,0.6600271396422877
12011447,0.49028036995452046
14013281,1.091495832928793
12025475,0.7521801735964213
13051130,0.1444397381796874
13101025,1.1980181130268561
12015530,0.4913806449385452
13042266,1.0017965440642145
13005179,0.3995846302804047
13012511,1.2245697435985705
13048754,0.5444471338464819
12029049,1.2351508724065685
13011280,0.8701315234546685
12023771,0.7720222839190299
13042262,1.5142844465703265
12012773,0.4983221882001187
11051188,0.5238710990906493
13034390,0.86793042238576
12008212,0.5254801931025166
11045255,1.4307918097768382
11020653,1.1983029422821212
14013683,0.492669052283209
12021113,1.4300176964065554
12009217,0.25561064869950645
14013349,0.610979895084083
13050949,0.6684712575336728
14012673,0.9166477153725076
12012813,0.9847114701905781
12019054,0.43995114289131093
13051014,1.1473447062990356
14018913,0.20728754809772937
12016111,1.393891159065876
13040146,1.3513357973099522
14021941,0.664220718037962
12015685,1.2024382969508354
12008204,0.8403896701693181
11007167,0.8085752947791051
11047082,1.1227216830932059
13050604,0.42078883379738263
11100629,0.7720222839190299
13027779,1.2553714360974888
13032584,0.7659311518612804
13059261,0.8525473043222282
13049879,0.5050090662477643
13034285,1.0574176074825283
12016021,0.7487740577209833
13026016,0.3758197409884959
13018018,0.5462264422149861
13011004,0.748287974623633
14024026,1.1308879231273907
13042181,0.6629932272637307
12009163,0.9655967591019641
13042229,0.6503710384524902
13017369,1.1463184232335912
14023332,0.9478827083663302
13050616,0.11054127670052492
13036325,1.4380437437585707
12019113,0.27147594915948675
11045251,0.5632045318277821
13056185,0.3320929518721265
13002626,1.0486901058759148
11046580,0.6642225745081596
12016369,0.3396628756742372
13057051,1.1593123690177238
11033799,0.1962761746117303
14012889,1.2147762239236726
12008171,0.7713886612056551
12027424,0.9783281537203841
12027706,0.4911046101706452
14040532,1.1503278074120153
13049208,1.4355482850160721
13017358,1.4408639618211825
12023983,0.370165643420451
13050974,1.2717447845855836
11052964,0.5567705454932796
13055873,0.9357289188432995
12011911,0.7720222839190299
11026421,0.5012038829726663
13041590,0.74027216310934
12007564,0.5433187461690587
12016117,0.25834773223656365
12024024,1.3293444775985659
13058247,0.5456047195091903
12008195,0.7863551325206294
11040804,0.8562285765173064
14018060,0.7720222839190299
11014783,0.9863660381833959
13019179,1.3922610985734727
11021057,1.1537232262051147
13010499,0.5043730175336603
13041540,1.0787496184647807
14018751,0.9469462267897755
13025314,1.3944953158941495
14018321,0.7720222839190299
13100746,1.503930609790971
12028256,0.5149214087265754
13018044,0.3064943191837331
13056265,0.7720222839190299
11033186,0.9238968125131808
13020308,0.4934019063402208
14007622,0.7475193447729797
13100956,0.7981273757963351
12021017,1.0377794091147714
13101705,0.5669651457098824
13100470,1.1330766211925307
13033884,0.4287766601877388
14033767,0.17321520984064867
12009170,1.3950509078066264
13042886,1.303662935789339
14008403,0.27223464853840157
12020545,0.6621353756496223
14016630,0.3958592420288227
11019744,0.9490847269086738
12017450,1.4360368210698928
13036653,0.7653748823001386
13101175,0.7566910522529586
13012742,1.4442530236358857
13042847,0.45917843969172795
12100268,0.9632687300003672
14018748,1.0155151712182593
11039034,1.0055000185988867
14034498,0.2508574355168369
11045872,0.19932933212077455
13035730,0.5339157637214064
12019977,1.313158370221161
11100651,1.3144047919563957
11039609,1.0301439691506717
11051141,0.6589629304389671
12007466,0.7010314235009516
11006983,1.2172580546692615
11025863,0.7990855088707994
13011752,0.6583803766503138
12020639,0.9608522380243899
13025217,1.097918747826917
13056093,0.8103423232905187
12028560,1.1595008498385149
13043521,1.0577812939903979
12020704,0.5137325839070402
13042321,0.15387328167567957
13033220,0.5646472957267804
12024246,0.6476470989132497
13041617,0.6858320867068087
12004580,0.9539546045173246
12024305,1.4491471438457961
13058120,1.1433902170663721
12015924,0.8167655524460762
13049158,1.262013372131881
13049640,0.5370246802478393
11040275,0.6877241129803978
13064800,0.4590004769762141
13051577,1.2516101880909591
12009204,0.4760631539392171
13034938,0.7573227254279342
13018911,0.7470574170583726
11047369,0.8356654884111947
12028707,0.3299508692185251
11007803,0.16912800767216518
13003407,0.9090676739381932
12009029,0.733877924776882
11100783,0.5196576316206879
13058746,1.1067608400743993
13025060,0.7117364126028911
13040115,0.7279072772276816
14016670,0.864730954713998
14039183,0.9694241298791881
11045624,1.071739877347125
12020970,0.19733223129735528
11039127,0.13354369605182365
12019759,0.28698935678306925
14013109,0.8197539601006296
12025191,1.4205200885476796
12012479,0.3244035683453921
12005145,0.3456766768617589
13026087,0.5945400283028266
13009876,0.42954374344958346
12013243,0.807991618326414
12025179,0.18602579308881237
12004349,0.6396463452028588
12013032,0.533169564815666
13101684,0.6742787420199734
11040034,1.162570681118292
13018540,1.046429858027225
13033763,0.7654447898052102
14039651,1.0157672519586685
12020323,1.0942403100051592
11044555,0.5681690664939691
11039297,1.303714414211595
13055460,0.5888148863250843
11045856,1.0785838036855104
13035899,0.902773929705726
13012173,0.8256354555520481
13019136,0.35630587394157887
13026783,0.9773816336862589
13017297,0.20700753929537402
11100402,0.9312990389806357
13034092,1.5534268681687522
13035921,1.2427475039190066
11050713,0.38094998845625755
12004413,1.1884669088259912
12028303,0.9736594211928756
13036116,0.964717624369174
14012977,0.7388525829454491
14023747,0.6545841214063934
13051177,0.28135498398286846
11045892,0.8171538717778729
11045200,0.13017939079292634
12020074,1.0360123368218868
11052945,1.0647218361570918
12016007,0.6898699718721294
11020260,0.4825781422336051
12004718,0.1926596837967853
11052261,0.37560827902320837
11026375,0.8289622477685303
11027930,0.8064636457627893
13033574,0.4034315568439339
14023051,0.5320999041824068
14013845,0.6404430380423223
13005478,1.1802533066400713
11044005,0.2620649316250433
14100335,0.6454477873496028
11027862,0.8509553754450527
12012516,1.2132757161127277
13049583,0.1873676481325144
12016018,0.7246375582902758
12008443,0.30132736823756645
13041849,1.0004330880079424
13051068,0.2833776694968164
13044147,0.7678556620406902
13025531,0.3429439464354367
14006367,1.160226139011506
12023606,0.911538143632552
13018015,0.4416558889793513
11051733,0.8037150435973379
13017893,0.971429889393677
14022815,1.1590737100717523
13101997,0.6890411892754656
12016305,0.9600215697915615
11024959,1.073833540609701
12021068,0.7356187006449754
12009396,0.32861326369174504
14013542,0.7690160311658115
13063516,0.7470609130921134
12025209,0.521324044115322
11012866,0.619510947669401
12024312,0.9250627731964072
12016919,0.20944580183799613
13035723,0.2758518344625371
13036633,0.6216204054780052
13025570,1.559372087403589
11044046,0.36041498906601066
12100580,1.0101179442859178
13042955,0.43348340814804787
14022958,0.9974048886360148
13039568,0.3111371484700456
12028967,1.0770388259025112
14011849,0.7708028800002062
12025594,0.35170643817546643
12007558,0.7408302756480724
13028726,0.3819187654268504
11039114,0.6289049116467149
13035176,1.1380217967208974
12007835,1.1830859767246176
11047639,0.3584879558599667
13035322,1.2544760679078175
13033872,0.6958292307747026
12029391,1.7699455592475777
13027414,1.3863852432175647
13019122,1.5162564545692874
12024666,1.2125034985141208
13017910,1.1746249863856495
12016346,0.36292889545768436
14013673,0.8428411873139985
12016725,0.28606769816608973
12008840,0.3617520343894288
13049384,0.7720222839190299
14017554,0.44722455433174013
11033355,1.2011666764824933
12020795,0.8583164307135235
12020411,0.2605340317421885
13026034,1.0868741539168756
11008124,0.7764076808009622
13012923,0.7769019138456881
13011173,0.6925245062156914
13027512,0.6750440705584908
13027506,0.41387141857678034
14039546,0.901671911635228
12008819,1.2630247331062585
12019453,1.1946830835118771
13036529,0.4783397569999053
12024401,1.1566422577751116
12005807,0.6244441383085994
11050874,0.352003479506609
12025366,0.6828177144100407
13009874,1.0212200992495108
11045172,0.4990003777512847
13019733,0.8127391726915172
13032167,1.058909108822642
13005291,1.3233194731556392
14024236,0.7720222839190299
12023720,0.23083860840359358
13017070,1.2349989143911932
13041788,1.4582223177443858
13004618,0.7481166297770485
11033821,0.4682513170392974
14017734,1.2919357230685244
13058149,0.4122316658120396
13064585,0.3725297778422128
